Device Time, 0-100kph Time(s),0100,011c obd standards vehicle conforms to,0120,0140,0160,0901 vin message count,0902,0903,0904,0905,0906,0907,0908,0909,090A,090B,Absolute Throttle Position B(%),Actual engine % torque(%),Air Fuel Ratio(Commanded)(:1),Air Fuel Ratio(Measured)(:1),Alcohol Fuel Percentage(%),Ambient air temp(°C),Barometric pressure (from vehicle)(psi),Boost Pressure Commanded A(psi),Boost Pressure Commanded B(psi),Boost Pressure Sensor A(psi),Boost Pressure Sensor B(psi),Catalyst Temperature (Bank 1 Sensor 1)(°C),Catalyst Temperature (Bank 1 Sensor 2)(°C),Catalyst Temperature (Bank 2 Sensor 1)(°C),Catalyst Temperature (Bank 2 Sensor 2)(°C),Charge air cooler temperature (CACT)(°C),Commanded Equivalence Ratio(lambda),Cost per mile/km (Instant)(£/m),Cost per mile/km (Trip)(£/m),CO₂ in g/km (Average)(g/km),Distance to empty (Estimated)(miles),Distance travelled with MIL/CEL lit(miles),EGR Commanded(%),EGR Error(%),Engine Coolant Temperature(°C),Engine kW (At the wheels)(kW),Engine Load(%),Engine RPM(rpm),Fuel flow rate/hour(l/hr),Fuel flow rate/minute(cc/min),Fuel Rail Pressure(psi),Fuel Remaining (Calculated from vehicle profile)(%),Fuel used (trip)(l),Horsepower (At the wheels)(hp),Intake Air Temperature(°C),Intake Manifold Pressure(psi),Kilometers Per Litre(Instant)(kpl),Kilometers Per Litre(Long Term Average)(kpl),Litres Per 100 Kilometer(Long Term Average)(l/100km),Mass Air Flow Rate(g/s),Miles Per Gallon(Instant)(mpg),Miles Per Gallon(Long Term Average)(mpg),O2 Sensor4 Voltage(V),Odometer(from ECU)(miles),pids supported 01-20,service 09 pids supported,Throttle Position(Manifold)(%),Torque(Nm),Trip average KPL(kpl),Trip average MPG(mpg),Turbo Boost & Vacuum Gauge(psi),Voltage (Control Module)(V),Voltage (OBD Adapter)(V),Volumetric Efficiency (Calculated)(%)
12-Mar-2022 17:27:50.711,-,-,-,-,-,-,-,-,-,-,-,-,-,-,-,-,-,-,-,-,-,-,-,-,-,-,-,-,-,-,-,-,-,-,-,-,-,-,37.28227152,4.70588255,0,20,-,-,821,-,-,4620.90233268,-,-,-,8,13.92362285,-,10.61514759,9.42041779,14.13000011,-,24.9685936,-,-,-,-,-,-,-,-,-0.7763772,-,12.80000019,-
12-Mar-2022 17:27:51.706,-,-,-,-,-,-,-,-,-,-,-,-,-,-,-,-,-,-,-,-,-,-,-,-,-,-,-,-,-,-,-,-,-,-,-,-,-,-,37.28227152,4.70588255,0,20,-,-,821,-,-,4620.90233268,-,-,-,8,13.92362285,-,10.61514759,9.42041779,14.13000011,-,24.9685936,-,-,-,-,-,-,-,-,-0.7763772,-,12.80000019,-
12-Mar-2022 17:27:52.705,-,152,6,160,-,-,-,-,-,-,-,-,-,-,-,-,-,-,-,-,-,-,-,-,-,-,-,-,-,-,-,-,-,-,-,-,-,-,37.28227152,4.70588255,0,20,-,-,821,-,-,4620.90233268,-,-,-,8,13.92362285,-,10.61514759,9.42041779,14.13000011,-,24.9685936,-,-,-,-,-,-,-,-,-0.7763772,-,12.80000019,-
12-Mar-2022 17:27:53.705,-,152,6,160,-,-,-,-,-,-,-,-,-,-,-,-,-,-,-,-,-,-,-,-,-,-,-,-,-,-,-,-,-,-,-,-,-,-,37.28227152,4.70588255,0,20,-,-,821,-,-,4620.90233268,-,-,-,8,13.92362285,-,10.61514759,9.42041779,14.13000011,-,24.9685936,-,-,-,-,-,-,-,-,-0.7763772,-,12.80000019,-
12-Mar-2022 17:27:54.705,-,152,6,160,-,-,-,-,-,-,-,-,-,-,-,-,-,-,-,-,-,-,-,-,-,-,-,-,-,-,-,-,-,-,-,-,-,-,37.28227152,4.70588255,0,20,-,-,821,-,-,4620.90233268,-,-,-,8,13.92362285,-,10.61514759,9.42041779,14.13000011,-,24.9685936,-,-,-,-,-,-,-,-,-0.7763772,-,12.80000019,-
12-Mar-2022 17:27:55.705,-,152,6,160,-,-,-,-,3,-,-,-,-,-,-,-,-,-,-,-,-,-,-,-,-,-,-,-,-,-,-,-,-,-,-,-,-,-,37.28227152,4.70588255,0,20,-,-,821,-,-,4620.90233268,-,-,-,8,13.92362285,-,10.61514759,9.42041779,14.13000011,-,24.9685936,-,-,-,-,-,-,-,-,-0.7763772,-,12.80000019,-
12-Mar-2022 17:27:56.706,-,152,6,160,-,-,-,-,3,-,-,-,-,-,-,-,-,-,-,-,-,-,-,-,-,-,-,-,-,-,-,-,-,-,-,-,-,-,37.28227152,4.70588255,0,20,-,-,821,-,-,4620.90233268,-,-,-,8,13.92362285,-,10.61514759,9.42041779,14.13000011,-,24.9685936,-,-,-,-,-,-,-,-,-0.7763772,-,12.80000019,-
12-Mar-2022 17:27:57.706,-,152,6,160,-,-,-,-,3,-,-,-,-,-,-,-,-,-,-,-,-,-,-,-,-,-,-,-,-,-,-,-,-,-,-,-,-,-,37.28227152,4.70588255,0,20,-,-,821,-,-,4620.90233268,-,-,-,8,13.92362285,-,10.61514759,9.42041779,14.13000011,-,24.9685936,-,-,-,-,-,-,-,-,-0.7763772,-,12.80000019,-
12-Mar-2022 17:27:58.706,-,152,6,160,-,-,-,-,3,-,-,-,-,-,-,-,-,-,-,-,-,-,-,-,-,-,-,-,-,-,-,-,-,-,-,-,-,-,37.28227152,4.70588255,0,20,-,-,821,-,-,4620.90233268,-,-,-,8,13.92362285,-,10.61514759,9.42041779,14.13000011,-,24.9685936,-,-,-,-,-,-,-,-,-0.7763772,-,12.80000019,-
12-Mar-2022 17:27:59.706,-,152,6,160,-,-,-,-,3,-,-,-,-,-,-,-,-,-,-,-,-,-,-,-,-,-,-,-,-,-,-,-,-,-,-,-,-,-,37.28227152,4.70588255,0,21,-,-,821,-,-,4620.90233268,-,-,-,8,13.92362285,-,10.61514759,9.42041779,14.13000011,-,24.9685936,-,-,152,48,-,-,-,-,-0.7763772,-,12.80000019,-
12-Mar-2022 17:28:00.706,-,152,6,160,-,-,-,-,3,-,-,-,-,-,-,-,-,-,-,-,-,-,-,-,-,-,-,-,-,-,-,-,-,-,-,-,-,-,37.28227152,4.70588255,0,21,-,23.52941132,820,-,-,4620.90233268,-,-,-,9,13.92362285,0,8.83812141,11.31438637,13.90999985,0,24.96644402,-,-,152,48,-,-,-,-,-0.7763772,-,12.80000019,77
12-Mar-2022 17:28:01.706,-,152,6,160,-,-,-,-,3,-,-,-,-,-,-,-,-,-,-,-,-,-,-,-,-,-,-,-,-,-,-,-,-,-,-,-,-,-,37.28227152,4.70588255,0,21,-,23.52941132,820,-,-,4620.90233268,-,-,-,9,13.92362285,0,8.83812141,11.31438637,13.90999985,0,24.96644402,-,-,152,48,-,-,-,-,-0.7763772,-,12.80000019,77
12-Mar-2022 17:28:02.706,-,152,6,160,-,-,-,-,3,-,-,-,-,-,-,-,-,-,-,-,-,-,-,-,-,-,-,-,-,-,-,-,-,-,-,-,-,-,37.28227152,4.70588255,0,21,-,23.52941132,820,-,-,4620.90233268,-,-,-,9,13.92362285,0,8.83812141,11.31438637,13.90999985,0,24.96644402,-,-,152,48,-,-,-,-,-0.7763772,-,12.80000019,77
12-Mar-2022 17:28:03.708,-,152,6,160,-,-,-,-,3,-,-,-,-,-,-,-,-,-,-,-,-,-,-,-,-,-,-,-,-,-,-,-,-,-,-,-,-,-,37.28227152,4.70588255,0,21,-,23.52941132,820,-,-,4557.08572796,-,-,-,9,13.92362285,0,8.83812141,11.31438637,13.90999985,0,24.96644402,-,-,152,48,-,-,-,-,-0.7763772,-,12.80000019,77
12-Mar-2022 17:28:04.706,-,152,6,160,-,-,-,-,3,-,-,-,-,-,-,-,-,-,-,-,-,-,-,-,-,-,-,-,-,-,-,-,-,-,-,-,-,-,37.28227152,4.70588255,0,21,-,23.52941132,820,-,-,4557.08572796,-,-,-,9,13.92362285,0,8.83812141,11.31438637,13.90999985,0,24.96644402,-,-,152,48,-,-,-,-,-0.7763772,-,12.80000019,77
12-Mar-2022 17:28:05.706,-,152,6,160,-,-,-,-,3,-,-,-,-,-,-,-,-,-,-,-,-,-,-,-,-,-,-,-,-,-,-,-,-,-,-,-,-,-,37.28227152,4.70588255,0,21,-,23.52941132,820,-,-,4557.08572796,-,-,-,9,13.92362285,0,8.83812141,11.31438637,13.90999985,0,24.96644402,-,-,152,48,-,-,-,-,-0.7763772,-,12.80000019,77
12-Mar-2022 17:28:06.705,-,152,6,160,-,-,-,-,3,-,-,-,-,-,-,-,-,-,-,-,-,-,-,-,-,-,-,-,-,-,-,-,-,-,-,-,-,-,37.28227152,4.70588255,0,21,-,23.52941132,820,-,-,4557.08572796,-,-,-,9,13.92362285,0,8.83812141,11.31438637,13.90999985,0,24.96644402,-,-,152,48,-,-,-,-,-0.7763772,-,12.80000019,77
12-Mar-2022 17:28:07.706,-,152,6,160,-,-,-,-,3,-,-,-,-,-,-,-,-,-,-,-,-,-,-,-,-,-,-,-,-,-,-,-,-,-,-,-,-,-,37.28227152,4.70588255,0,21,-,23.52941132,820,-,-,4557.08572796,-,-,-,9,13.92362285,0,8.83812141,11.31438637,13.90999985,0,24.96644402,-,-,152,48,-,-,-,-,-0.7763772,-,12.80000019,77
12-Mar-2022 17:28:08.706,-,152,6,160,-,-,-,-,3,-,-,-,-,-,-,-,-,-,-,-,-,-,-,-,-,-,-,-,-,-,-,-,-,-,-,-,-,-,37.28227152,4.70588255,0,21,-,23.52941132,820,-,-,4557.08572796,-,-,-,9,13.92362285,0,8.83812141,11.31438637,13.90999985,0,24.96644402,-,-,152,48,-,-,-,-,-0.7763772,-,12.80000019,77
12-Mar-2022 17:28:09.705,-,152,6,160,-,-,-,-,3,-,-,-,-,-,-,-,-,-,-,-,-,-,-,-,-,-,-,-,-,-,-,-,-,-,-,-,-,-,37.28227152,4.70588255,0,21,-,23.52941132,820,-,-,4557.08572796,-,-,-,9,13.92362285,0,8.83812141,11.31438637,13.90999985,0,24.96644402,-,-,152,48,-,-,-,-,-0.7763772,-,12.80000019,77
12-Mar-2022 17:28:10.705,-,152,6,160,-,-,-,-,3,-,-,-,-,-,-,-,-,-,-,-,-,-,-,-,-,-,-,-,-,-,-,-,-,-,-,-,-,-,37.28227152,4.70588255,0,21,-,23.52941132,820,-,-,4557.08572796,-,-,-,9,13.92362285,0,8.83812141,11.31438637,13.90999985,0,24.96644402,-,-,152,48,-,-,-,-,-0.7763772,-,12.80000019,77
12-Mar-2022 17:28:11.705,-,152,6,160,-,-,-,-,3,-,-,-,-,-,-,-,-,-,-,-,-,-,-,-,-,-,-,-,-,-,-,-,-,-,-,-,-,-,37.28227152,4.70588255,0,21,-,23.52941132,820,-,-,4557.08572796,-,-,-,9,13.92362285,0,8.83812141,11.31438637,13.90999985,0,24.96644402,-,-,152,48,-,-,-,-,-0.7763772,-,12.80000019,77
12-Mar-2022 17:28:12.706,-,152,6,160,-,-,-,-,3,-,-,-,-,-,-,-,-,-,-,-,-,-,-,-,-,-,-,-,-,-,-,-,-,-,-,-,-,-,37.28227152,4.70588255,0,21,-,23.52941132,820,-,-,4557.08572796,-,-,-,9,13.92362285,0,8.83812141,11.31438637,13.90999985,0,24.96644402,-,-,152,48,-,-,-,-,-0.7763772,-,12.80000019,77
12-Mar-2022 17:28:13.705,-,152,6,160,-,-,-,-,3,-,-,-,-,-,-,-,-,-,-,-,-,-,-,-,-,-,-,-,-,-,-,-,-,-,-,-,-,-,37.28227152,4.70588255,0,21,-,23.52941132,820,-,-,4557.08572796,-,-,-,9,13.92362285,0,8.83812141,11.31438637,13.90999985,0,24.96644402,-,-,152,48,-,-,-,-,-0.7763772,-,12.80000019,77
12-Mar-2022 17:28:14.706,-,152,6,160,-,-,-,-,3,-,-,-,-,-,-,-,-,-,-,-,-,-,-,-,-,-,-,-,-,-,-,-,-,-,-,-,-,-,37.28227152,4.70588255,0,21,-,23.52941132,820,-,-,4557.08572796,-,-,-,9,13.92362285,0,8.83812141,11.31438637,13.90999985,0,24.96644402,-,-,152,48,-,-,-,-,-0.7763772,-,12.80000019,77
12-Mar-2022 17:28:15.706,-,152,6,160,-,-,-,-,3,-,-,-,-,-,-,-,-,-,-,-,-,-,-,-,-,-,-,-,-,-,-,-,-,-,-,-,-,-,37.28227152,4.70588255,0,21,-,23.52941132,820,-,-,4557.08572796,-,-,-,9,13.92362285,0,8.83812141,11.31438637,13.90999985,0,24.96644402,-,-,152,48,-,-,-,-,-0.7763772,-,12.80000019,77
12-Mar-2022 17:28:16.706,-,152,6,160,-,-,-,-,3,-,-,-,-,-,-,-,-,-,-,-,-,-,-,-,-,-,-,-,-,-,-,-,-,-,-,-,-,-,37.28227152,4.70588255,0,21,-,23.52941132,820,-,-,4557.08572796,-,-,-,9,13.92362285,0,8.83812141,11.31438637,13.90999985,0,24.96644402,-,-,152,48,-,-,-,-,-0.7763772,-,12.80000019,77
12-Mar-2022 17:28:17.705,-,152,6,160,-,-,-,-,3,-,-,-,-,-,-,-,-,-,-,-,-,-,-,-,-,-,-,-,-,-,-,-,-,-,-,-,-,-,37.28227152,4.70588255,0,21,0.09321591,22.35294151,821,-,-,4557.08572796,-,-,0.1250046,9,13.92362285,1.50590062,8.82488632,11.33135509,14.18999958,4.25395679,24.92905617,-,-,152,48,-,-,1.50590062,4.25395679,-0.7763772,-,12.80000019,78
12-Mar-2022 17:28:18.705,-,152,6,160,-,-,-,-,3,-,-,-,-,-,-,-,-,-,-,-,-,-,-,-,-,-,-,-,-,-,-,-,-,-,-,-,-,-,37.28227152,4.70588255,0,21,0.09321591,22.35294151,821,-,-,4557.08572796,-,-,0.1250046,9,13.92362285,1.50590062,8.82488632,11.33135509,14.18999958,4.25395679,24.92905617,-,-,152,48,-,-,1.50590062,4.25395679,-0.7763772,-,12.80000019,78
12-Mar-2022 17:28:19.705,-,152,6,160,-,-,-,-,3,-,-,-,-,-,-,-,-,-,-,-,-,-,-,-,-,-,-,-,-,-,-,-,-,-,-,-,-,-,37.28227152,4.70588255,0,21,0.09321591,22.35294151,821,-,-,4557.08572796,-,-,0.1250046,9,13.92362285,1.50590062,8.82488632,11.33135509,14.18999958,4.25395679,24.92905617,-,-,152,48,-,-,1.50590062,4.25395679,-0.7763772,-,12.80000019,78
12-Mar-2022 17:28:20.706,-,152,6,160,-,-,-,-,3,-,-,-,-,-,-,-,-,-,-,-,-,-,-,-,-,-,-,-,-,-,-,-,-,-,-,-,-,-,37.28227152,4.70588255,0,21,0.09321591,22.35294151,821,-,-,4493.26912324,-,-,0.1250046,9,13.92362285,1.50590062,8.82488632,11.33135509,14.18999958,4.25395679,24.92905617,-,-,152,48,-,-,1.50590062,4.25395679,-0.7763772,-,12.69999981,78
12-Mar-2022 17:28:21.706,-,152,6,160,-,-,-,-,3,-,-,-,-,-,-,-,-,-,-,-,-,-,-,-,-,-,-,-,-,-,-,-,-,-,-,-,-,-,37.28227152,4.70588255,0,21,0.09321591,22.35294151,821,-,-,4493.26912324,-,-,0.1250046,9,13.92362285,1.50590062,8.82488632,11.33135509,14.18999958,4.25395679,24.92905617,-,-,152,48,-,-,1.50590062,4.25395679,-0.7763772,-,12.69999981,78
12-Mar-2022 17:28:22.705,-,152,6,160,-,-,-,-,3,-,-,-,-,-,-,-,-,-,-,-,-,-,-,-,-,-,-,-,-,-,-,-,-,-,-,-,-,-,37.28227152,4.70588255,0,21,0.09321591,22.35294151,821,-,-,4493.26912324,-,-,0.1250046,9,13.92362285,1.50590062,8.82488632,11.33135509,14.18999958,4.25395679,24.92905617,-,-,152,48,-,-,1.50590062,4.25395679,-0.7763772,-,12.69999981,78
12-Mar-2022 17:28:23.705,-,152,6,160,-,-,-,-,3,-,-,-,-,-,-,-,-,-,-,-,-,-,-,-,-,-,-,-,-,-,-,-,-,-,-,-,-,-,37.28227152,4.70588255,0,21,-,22.35294151,821,-,-,4493.26912324,-,-,-,9,13.92362285,1.50590062,8.82488632,11.33135509,14.18999958,4.25395679,24.92905617,-,-,152,48,-,-,1.50590062,4.25395679,-0.7763772,-,12.69999981,78
12-Mar-2022 17:28:24.706,-,152,6,160,-,-,-,-,3,-,-,-,-,-,-,-,-,-,-,-,-,-,-,-,-,-,-,-,-,-,-,-,-,-,-,-,-,-,37.28227152,4.70588255,0,21,-,22.35294151,821,-,-,4493.26912324,-,-,-,9,13.92362285,1.50590062,8.82488632,11.33135509,14.18999958,4.25395679,24.92905617,-,-,152,48,-,-,1.50590062,4.25395679,-0.7763772,-,12.69999981,78
12-Mar-2022 17:28:25.706,-,152,6,160,-,-,-,-,3,-,-,-,-,-,-,-,-,-,-,-,-,-,-,-,-,-,-,-,-,-,-,-,-,-,-,-,-,-,37.28227152,4.70588255,0,21,-,22.35294151,821,-,-,4493.26912324,-,-,-,9,13.92362285,1.50590062,8.82488632,11.33135509,14.18999958,4.25395679,24.92905617,-,-,152,48,-,-,1.50590062,4.25395679,-0.7763772,-,12.69999981,78
12-Mar-2022 17:28:26.706,-,152,6,160,-,-,-,-,3,-,-,-,-,-,-,-,-,-,-,-,-,-,-,-,-,-,-,-,-,-,-,-,-,-,-,-,-,-,37.28227152,4.70588255,0,21,0.1435402,22.35294151,821,-,-,4493.26912324,-,-,0.19249058,9,13.92362285,1.50590062,8.82488632,11.33135509,14.18999958,4.25395679,24.92905617,-,-,152,48,-,-,1.50590062,4.25395679,-0.7763772,-,12.69999981,78
12-Mar-2022 17:28:27.705,-,152,6,160,-,-,-,-,3,-,-,-,-,-,-,-,-,-,-,-,-,-,-,-,-,-,-,-,-,-,-,-,-,-,-,-,-,-,37.28227152,4.70588255,0,21,0.1435402,22.35294151,821,-,-,4493.26912324,-,-,0.19249058,9,13.92362285,1.50590062,8.82488632,11.33135509,14.18999958,4.25395679,24.92905617,-,-,152,48,-,-,1.50590062,4.25395679,-0.7763772,-,12.69999981,78
12-Mar-2022 17:28:28.705,-,152,6,160,-,-,-,-,3,-,-,-,-,-,-,-,-,-,-,-,-,-,-,-,-,-,-,-,-,-,-,-,-,-,-,-,-,-,37.28227152,4.70588255,0,21,0.1435402,22.35294151,821,-,-,4493.26912324,-,-,0.19249058,9,13.92362285,1.50590062,8.82488632,11.33135509,14.18999958,4.25395679,24.92905617,-,-,152,48,-,-,1.50590062,4.25395679,-0.7763772,-,12.69999981,78
12-Mar-2022 17:28:29.705,-,152,6,160,-,-,-,-,3,-,-,-,-,-,-,-,-,-,-,-,-,-,-,-,-,-,-,-,-,-,-,-,-,-,-,-,-,-,37.28227152,4.70588255,0,21,0.1435402,22.35294151,821,-,-,4493.26912324,-,-,0.19249058,9,13.92362285,1.50590062,8.82488632,11.33135509,14.18999958,4.25395679,24.92905617,-,-,152,48,-,-,1.50590062,4.25395679,-0.7763772,-,12.69999981,78
12-Mar-2022 17:28:30.705,-,152,6,160,-,-,-,-,3,-,-,-,-,-,-,-,-,-,-,-,-,-,-,-,-,-,-,-,-,-,-,-,-,-,-,-,-,-,37.28227152,4.70588255,0,21,0.00177777,22.35294151,821,-,-,4493.26912324,-,-,0.00238403,9,13.92362285,1.50590062,8.82488632,11.33135509,14.18999958,4.25395679,24.92905617,-,-,152,48,-,-,1.50590062,4.25395679,-0.7763772,-,12.69999981,78
12-Mar-2022 17:28:31.706,-,152,6,160,-,-,-,-,3,-,-,-,-,-,-,-,-,-,-,-,-,-,-,-,-,-,-,-,-,-,-,-,-,-,-,-,-,-,37.28227152,4.70588255,0,21,0.00177777,22.35294151,821,-,-,4493.26912324,-,-,0.00238403,9,13.92362285,1.50590062,8.82488632,11.33135509,14.18999958,4.25395679,24.92905617,-,-,152,48,-,-,1.50590062,4.25395679,-0.7763772,-,12.69999981,78
12-Mar-2022 17:28:32.706,-,152,6,160,-,-,-,-,3,-,-,-,-,-,-,-,-,-,-,-,-,-,-,-,-,-,-,-,-,-,-,-,-,-,-,-,-,-,37.28227152,4.70588255,0,21,0.00177777,22.35294151,821,-,-,4493.26912324,-,-,0.00238403,9,13.92362285,1.50590062,8.82488632,11.33135509,14.18999958,4.25395679,24.92905617,-,-,152,48,-,-,1.50590062,4.25395679,-0.7763772,-,12.69999981,78
12-Mar-2022 17:28:33.706,-,152,6,160,-,-,-,-,3,-,-,-,-,-,-,-,-,-,-,-,-,-,-,-,-,-,-,-,-,-,-,-,-,-,-,-,-,-,37.28227152,4.70588255,0,21,0.00177777,22.35294151,821,-,-,4493.26912324,-,-,0.00238403,9,13.92362285,1.50590062,8.82488632,11.33135509,14.18999958,4.25395679,24.92905617,-,-,152,48,-,-,1.50590062,4.25395679,-0.7763772,-,12.69999981,78
12-Mar-2022 17:28:34.705,-,152,6,160,-,-,-,-,3,-,-,-,-,-,-,-,-,-,-,-,-,-,-,-,-,-,-,-,-,-,-,-,-,-,-,-,-,-,37.28227152,4.70588255,0,22,-,21.96078491,820,-,-,4493.26912324,-,-,-,9,13.92362285,1.87373471,8.81236172,11.34745979,14.13000011,5.29303598,24.89367676,-,-,152,48,-,-,1.68981767,4.77349615,-0.7763772,-,12.69999981,78
12-Mar-2022 17:28:35.705,-,152,6,160,-,-,-,-,3,-,-,-,-,-,-,-,-,-,-,-,-,-,-,-,-,-,-,-,-,-,-,-,-,-,-,-,-,-,37.28227152,4.70588255,0,22,-,21.96078491,820,-,-,4493.26912324,-,-,-,9,13.92362285,1.87373471,8.81236172,11.34745979,14.13000011,5.29303598,24.89367676,-,-,152,48,-,-,1.68981767,4.77349615,-0.7763772,-,12.69999981,78
12-Mar-2022 17:28:36.706,-,152,6,160,-,-,-,-,3,-,-,-,-,-,-,-,-,-,-,-,-,-,-,-,-,-,-,-,-,-,-,-,-,-,-,-,-,-,37.28227152,4.70588255,0,22,-,21.96078491,820,-,-,4429.45251852,-,-,-,9,13.92362285,1.87373471,8.81236172,11.34745979,14.13000011,5.29303598,24.89367676,-,-,152,48,-,-,1.68981767,4.77349615,-0.7763772,-,12.80000019,78
12-Mar-2022 17:28:37.706,-,152,6,160,-,-,-,-,3,-,-,-,-,-,-,-,-,-,-,-,-,-,-,-,-,-,-,-,-,-,-,-,-,-,-,-,-,-,37.28227152,4.70588255,0,22,-,21.96078491,820,-,-,4429.45251852,-,-,-,9,13.92362285,1.87373471,8.81236172,11.34745979,14.13000011,5.29303598,24.89367676,-,-,152,48,-,-,1.68981767,4.77349615,-0.7763772,-,12.80000019,78
12-Mar-2022 17:28:38.706,-,152,6,160,-,-,-,-,3,-,-,-,-,-,-,-,-,-,-,-,-,-,-,-,-,-,-,-,-,-,-,-,-,-,-,-,-,-,37.28227152,4.70588255,0,22,-,21.96078491,820,-,-,4429.45251852,-,-,-,9,13.92362285,1.87373471,8.81236172,11.34745979,14.13000011,5.29303598,24.89367676,-,-,152,48,-,-,1.68981767,4.77349615,-0.7763772,-,12.80000019,78
12-Mar-2022 17:28:39.706,-,152,6,160,-,-,-,-,3,-,-,-,-,-,-,-,-,-,-,-,-,-,-,-,-,-,-,-,-,-,-,-,-,-,-,-,-,-,37.28227152,4.70588255,0,22,-,21.96078491,820,-,-,4429.45251852,-,-,-,9,13.92362285,1.87373471,8.81236172,11.34745979,14.13000011,5.29303598,24.89367676,-,-,152,48,-,-,1.68981767,4.77349615,-0.7763772,-,12.80000019,78
12-Mar-2022 17:28:40.706,-,152,6,160,-,-,-,-,3,-,-,-,-,-,-,-,-,-,-,-,-,-,-,-,-,-,-,-,-,-,-,-,-,-,-,-,-,-,37.28227152,4.70588255,0,22,-,21.96078491,820,-,-,4429.45251852,-,-,-,9,13.92362285,1.87373471,8.81236172,11.34745979,14.13000011,5.29303598,24.89367676,-,-,152,48,-,-,1.68981767,4.77349615,-0.7763772,-,12.80000019,78
12-Mar-2022 17:28:41.706,-,152,6,160,-,-,-,-,3,-,-,-,-,-,-,-,-,-,-,-,-,-,-,-,-,-,-,-,-,-,-,-,-,-,-,-,-,-,37.28227152,4.70588255,0,22,-,21.96078491,820,-,-,4429.45251852,-,-,-,9,13.92362285,1.87373471,8.81236172,11.34745979,14.13000011,5.29303598,24.89367676,-,-,152,48,-,-,1.68981767,4.77349615,-0.7763772,-,12.80000019,78
12-Mar-2022 17:28:42.706,-,152,6,160,-,-,-,-,3,-,-,-,-,-,-,-,-,-,-,-,-,-,-,-,-,-,-,-,-,-,-,-,-,-,-,-,-,-,37.28227152,4.70588255,0,22,0.01782263,21.96078491,820,-,-,4429.45251852,-,-,0.02390054,9,13.92362285,1.87373471,8.81236172,11.34745979,14.13000011,5.29303598,24.89367676,-,-,152,48,-,-,1.68981767,4.77349615,-0.7763772,-,12.80000019,78
12-Mar-2022 17:28:43.706,-,152,6,160,-,-,-,-,3,-,-,-,-,-,-,-,-,-,-,-,-,-,-,-,-,-,-,-,-,-,-,-,-,-,-,-,-,-,37.28227152,4.70588255,0,22,0.01782263,21.96078491,820,-,-,4429.45251852,-,-,0.02390054,9,13.92362285,1.87373471,8.81236172,11.34745979,14.13000011,5.29303598,24.89367676,-,-,152,48,-,-,1.68981767,4.77349615,-0.7763772,-,12.80000019,78
12-Mar-2022 17:28:44.706,-,152,6,160,-,-,-,-,3,-,-,-,-,-,-,-,-,-,-,-,-,-,-,-,-,-,-,-,-,-,-,-,-,-,-,-,-,-,37.28227152,4.70588255,0,22,0.01782263,21.96078491,818,-,-,4429.45251852,-,-,0.02390054,9,13.92362285,1.80654311,8.79976082,11.3637085,13.85999966,5.10322905,24.85808182,-,-,152,48,-,-,1.72872615,4.88340712,-0.7763772,-,12.80000019,78
12-Mar-2022 17:28:45.706,-,152,6,160,-,-,-,-,3,-,-,-,-,-,-,-,-,-,-,-,-,-,-,-,-,-,-,-,-,-,-,-,-,-,-,-,-,-,37.28227152,4.70588255,0,22,0.01782263,21.96078491,818,-,-,4588.99403032,-,-,0.02390054,9,13.92362285,1.80654311,8.79976082,11.3637085,13.85999966,5.10322905,24.85808182,-,-,152,48,-,-,1.72872615,4.88340712,-0.7763772,-,12.39999962,78
12-Mar-2022 17:28:46.706,-,152,6,160,-,-,-,-,3,-,-,-,-,-,-,-,-,-,-,-,-,-,-,-,-,-,-,-,-,-,-,-,-,-,-,-,-,-,37.28227152,4.70588255,0,22,0.01782263,21.96078491,818,-,-,4588.99403032,-,-,0.02390054,9,13.92362285,1.80654311,8.79976082,11.3637085,13.85999966,5.10322905,24.85808182,-,-,152,48,-,-,1.72872615,4.88340712,-0.7763772,-,12.39999962,78
12-Mar-2022 17:28:47.706,-,152,6,160,-,-,-,-,3,-,-,-,-,-,-,-,-,-,-,-,-,-,-,-,-,-,-,-,-,-,-,-,-,-,-,-,-,-,37.28227152,4.70588255,0,22,0.01782263,21.96078491,818,-,-,4588.99403032,-,-,0.02390054,9,13.92362285,1.80654311,8.79976082,11.3637085,13.85999966,5.10322905,24.85808182,-,-,152,48,-,-,1.72872615,4.88340712,-0.7763772,-,12.39999962,78
12-Mar-2022 17:28:48.705,-,152,6,160,-,-,-,-,3,-,-,-,-,-,-,-,-,-,-,-,-,-,-,-,-,-,-,-,-,-,-,-,-,-,-,-,-,-,37.28227152,4.70588255,0,22,0.01782263,21.96078491,818,-,-,4588.99403032,-,-,0.02390054,9,13.92362285,1.80654311,8.79976082,11.3637085,13.85999966,5.10322905,24.85808182,-,-,152,48,-,-,1.72872615,4.88340712,-0.7763772,-,12.39999962,78
12-Mar-2022 17:28:49.706,-,152,6,160,-,-,-,-,3,-,-,-,-,-,-,-,-,-,-,-,-,-,-,-,-,-,-,-,-,-,-,-,-,-,-,-,-,-,37.28227152,4.70588255,0,22,0.01782263,21.96078491,818,-,-,4588.99403032,-,-,0.02390054,9,13.92362285,1.80654311,8.79976082,11.3637085,13.85999966,5.10322905,24.85808182,-,-,152,48,-,-,1.72872615,4.88340712,-0.7763772,-,12.39999962,78
12-Mar-2022 17:28:50.706,-,152,6,160,-,-,-,-,3,-,-,-,-,-,-,-,-,-,-,-,-,-,-,-,-,-,-,-,-,-,-,-,-,-,-,-,-,-,37.28227152,4.70588255,0,22,0.01782263,21.96078491,818,-,-,4588.99403032,-,-,0.02390054,9,13.92362285,1.80654311,8.79976082,11.3637085,13.85999966,5.10322905,24.85808182,-,-,152,48,-,-,1.72872615,4.88340712,-0.7763772,-,12.39999962,78
12-Mar-2022 17:28:51.706,-,152,6,160,-,-,-,-,3,-,-,-,-,-,-,-,-,-,-,-,-,-,-,-,-,-,-,-,-,-,-,-,-,-,-,-,-,-,37.28227152,4.70588255,0,22,-,21.96078491,818,-,-,4588.99403032,-,-,-,9,13.92362285,1.80654311,8.79976082,11.3637085,13.85999966,5.10322905,24.85808182,-,-,152,48,-,-,1.72872615,4.88340712,-0.7763772,-,12.39999962,78
12-Mar-2022 17:28:52.706,-,152,6,160,-,-,-,-,3,-,-,-,-,-,-,-,-,-,-,-,-,-,-,-,-,-,-,-,-,-,-,-,-,-,-,-,-,-,37.28227152,4.70588255,0,22,-,21.96078491,818,-,-,4588.99403032,-,-,-,9,13.92362285,1.80654311,8.79976082,11.3637085,13.85999966,5.10322905,24.85808182,-,-,152,48,-,-,1.72872615,4.88340712,-0.7763772,-,12.39999962,78
12-Mar-2022 17:28:53.706,-,152,6,160,-,-,-,-,3,-,-,-,-,-,-,-,-,-,-,-,-,-,-,-,-,-,-,-,-,-,-,-,-,-,-,-,-,-,37.28227152,4.70588255,0,22,-,21.96078491,818,-,-,4588.99403032,-,-,-,9,13.92362285,1.80654311,8.79976082,11.3637085,13.85999966,5.10322905,24.85808182,-,-,152,48,-,-,1.72872615,4.88340712,-0.7763772,-,12.39999962,78
12-Mar-2022 17:28:54.706,-,152,6,160,-,-,-,-,3,-,-,-,-,-,-,-,-,-,-,-,-,-,-,-,-,-,-,-,-,-,-,-,-,-,-,-,-,-,37.28227152,4.70588255,0,23,0.0225056,21.96078491,818,-,-,4588.99403032,-,-,0.03018051,9,13.92362285,1.80654311,8.79976082,11.3637085,13.85999966,5.10322905,24.85808182,-,-,152,48,-,-,1.72872615,4.88340712,-0.7763772,-,12.39999962,78
12-Mar-2022 17:28:55.706,-,152,6,160,-,-,-,-,3,-,-,-,-,-,-,-,-,-,-,-,-,-,-,-,-,-,-,-,-,-,-,-,-,-,-,-,-,-,37.28227152,4.70588255,0,23,0.0225056,22.35294151,821,-,-,4588.99403032,-,-,0.03018051,9,13.92362285,2.80272007,8.78899479,11.37762928,14.22000027,7.9172883,24.82766724,-,-,152,48,-,-,1.99722457,5.64187765,-0.7763772,-,12.39999962,78
12-Mar-2022 17:28:56.705,-,152,6,160,-,-,-,-,3,-,-,-,-,-,-,-,-,-,-,-,-,-,-,-,-,-,-,-,-,-,-,-,-,-,-,-,-,-,37.28227152,4.70588255,0,23,0.0225056,22.35294151,821,-,-,4588.99403032,-,-,0.03018051,9,13.92362285,2.80272007,8.78899479,11.37762928,14.22000027,7.9172883,24.82766724,-,-,152,48,-,-,1.99722457,5.64187765,-0.7763772,-,12.80000019,78
12-Mar-2022 17:28:57.706,-,152,6,160,-,-,-,-,3,-,-,-,-,-,-,-,-,-,-,-,-,-,-,-,-,-,-,-,-,-,-,-,-,-,-,-,-,-,37.28227152,4.70588255,0,23,0.0225056,22.35294151,821,-,-,4588.99403032,-,-,0.03018051,9,13.92362285,2.80272007,8.78899479,11.37762928,14.22000027,7.9172883,24.82766724,-,-,152,48,-,-,1.99722457,5.64187765,-0.7763772,-,12.80000019,78
12-Mar-2022 17:28:58.706,-,152,6,160,-,-,-,-,3,-,-,-,-,-,-,-,-,-,-,-,-,-,-,-,-,-,-,-,-,-,-,-,-,-,-,-,-,-,37.28227152,4.70588255,0,23,0.0225056,22.35294151,821,-,-,4588.99403032,-,-,0.03018051,9,13.92362285,2.80272007,8.78899479,11.37762928,14.22000027,7.9172883,24.82766724,-,-,152,48,-,-,1.99722457,5.64187765,-0.7763772,-,12.80000019,78
12-Mar-2022 17:28:59.706,-,152,6,160,-,-,-,-,3,-,-,-,-,-,-,-,-,-,-,-,-,-,-,-,-,-,-,-,-,-,-,-,-,-,-,-,-,-,37.28227152,4.70588255,0,23,0.0225056,22.35294151,821,-,-,4588.99403032,-,-,0.03018051,9,13.92362285,2.80272007,8.78899479,11.37762928,14.22000027,7.9172883,24.82766724,-,-,152,48,-,-,1.99722457,5.64187765,-0.7763772,-,12.80000019,78
12-Mar-2022 17:29:00.706,-,152,6,160,-,-,-,-,3,-,-,-,-,-,-,-,-,-,-,-,-,-,-,-,-,-,-,-,-,-,-,-,-,-,-,-,-,-,37.28227152,4.70588255,0,23,-,22.35294151,821,-,-,4588.99403032,-,-,-,9,13.92362285,2.80272007,8.78899479,11.37762928,14.22000027,7.9172883,24.82766724,-,-,152,48,-,-,1.99722457,5.64187765,-0.7763772,-,12.80000019,78
12-Mar-2022 17:29:01.706,-,152,6,160,-,-,-,-,3,-,-,-,-,-,-,-,-,-,-,-,-,-,-,-,-,-,-,-,-,-,-,-,-,-,-,-,-,-,37.28227152,4.70588255,0,23,0.00496856,22.35294151,821,-,-,4588.99403032,-,-,0.00666295,9,13.92362285,2.80272007,8.78899479,11.37762928,14.22000027,7.9172883,24.82766724,-,-,152,48,-,-,1.99722457,5.64187765,-0.7763772,-,12.80000019,78
12-Mar-2022 17:29:02.706,-,152,6,160,-,-,-,-,3,-,-,-,-,-,-,-,-,-,-,-,-,-,-,-,-,-,-,-,-,-,-,-,-,-,-,-,-,-,37.28227152,4.70588255,0,23,0.001189,22.35294151,821,-,-,4588.99403032,-,-,0.00159448,9,13.92362285,2.80272007,8.78899479,11.37762928,14.22000027,7.9172883,24.82766724,-,-,152,48,-,-,1.99722457,5.64187765,-0.7763772,-,12.80000019,78
12-Mar-2022 17:29:03.706,-,152,6,160,-,-,-,-,3,-,-,-,-,-,-,-,-,-,-,-,-,-,-,-,-,-,-,-,-,-,-,-,-,-,-,-,-,-,37.28227152,4.70588255,0,23,0.001189,22.35294151,821,-,-,4588.99403032,-,-,0.00159448,9,13.92362285,2.80272007,8.78899479,11.37762928,14.22000027,7.9172883,24.82766724,-,-,152,48,-,-,1.99722457,5.64187765,-0.7763772,-,12.80000019,78
12-Mar-2022 17:29:04.705,-,152,6,160,-,-,-,-,3,-,-,-,-,-,-,-,-,-,-,-,-,-,-,-,-,-,-,-,-,-,-,-,-,-,-,-,-,-,37.28227152,4.70588255,0,23,0.001189,22.35294151,821,-,-,4588.99403032,-,-,0.00159448,9,13.92362285,2.80272007,8.78899479,11.37762928,14.22000027,7.9172883,24.82766724,-,-,152,48,-,-,1.99722457,5.64187765,-0.7763772,-,12.80000019,78
12-Mar-2022 17:29:05.705,-,152,6,160,-,-,-,-,3,-,-,-,-,-,-,-,-,-,-,-,-,-,-,-,-,-,-,-,-,-,-,-,-,-,-,-,-,-,37.28227152,4.70588255,0,23,0.001189,22.35294151,821,-,-,4588.99403032,-,-,0.00159448,9,13.92362285,2.80272007,8.78899479,11.37762928,14.22000027,7.9172883,24.82766724,-,-,152,48,-,-,1.99722457,5.64187765,-0.7763772,-,12.80000019,78
12-Mar-2022 17:29:06.705,-,152,6,160,-,-,-,-,3,-,-,-,-,-,-,-,-,-,-,-,-,-,-,-,-,-,-,-,-,-,-,-,-,-,-,-,-,-,37.28227152,4.70588255,0,23,-,21.56862831,823,-,-,4588.99403032,-,-,-,9,13.92362285,0,8.78824425,11.37860012,14.22000027,0,24.82554817,-,-,152,48,-,-,1.97820342,5.58814526,-0.7763772,-,12.80000019,78
12-Mar-2022 17:29:07.706,-,152,6,160,-,-,-,-,3,-,-,-,-,-,-,-,-,-,-,-,-,-,-,-,-,-,-,-,-,-,-,-,-,-,-,-,-,-,37.28227152,4.70588255,0,23,-,21.56862831,823,-,-,4588.99403032,-,-,-,9,13.92362285,0,8.78824425,11.37860012,14.22000027,0,24.82554817,-,-,152,48,-,-,1.97820342,5.58814526,-0.7763772,-,12.80000019,78
12-Mar-2022 17:29:08.705,-,152,6,160,-,-,-,-,3,-,-,-,-,-,-,-,-,-,-,-,-,-,-,-,-,-,-,-,-,-,-,-,-,-,-,-,-,-,37.28227152,4.70588255,0,23,-,21.56862831,823,-,-,4620.90233268,-,-,-,9,13.92362285,0,8.78824425,11.37860012,14.22000027,0,24.82554817,-,-,152,48,-,-,1.97820342,5.58814526,-0.7763772,-,12.80000019,78
12-Mar-2022 17:29:09.705,-,152,6,160,-,-,-,-,3,-,-,-,-,-,-,-,-,-,-,-,-,-,-,-,-,-,-,-,-,-,-,-,-,-,-,-,-,-,37.28227152,4.70588255,0,23,-,21.56862831,823,-,-,4620.90233268,-,-,-,9,13.92362285,0,8.78824425,11.37860012,14.22000027,0,24.82554817,-,-,152,48,-,-,1.97820342,5.58814526,-0.7763772,-,12.80000019,78
12-Mar-2022 17:29:10.705,-,152,6,160,-,-,-,-,3,-,-,-,-,-,-,-,-,-,-,-,-,-,-,-,-,-,-,-,-,-,-,-,-,-,-,-,-,-,37.28227152,4.70588255,0,23,-,21.56862831,823,-,-,4620.90233268,-,-,-,9,13.92362285,0,8.78824425,11.37860012,14.22000027,0,24.82554817,-,-,152,48,-,-,1.97820342,5.58814526,-0.7763772,-,12.80000019,78
12-Mar-2022 17:29:11.705,-,152,6,160,-,-,-,-,3,-,-,-,-,-,-,-,-,-,-,-,-,-,-,-,-,-,-,-,-,-,-,-,-,-,-,-,-,-,37.28227152,4.70588255,0,23,-,21.56862831,823,-,-,4620.90233268,-,-,-,9,13.92362285,0,8.78824425,11.37860012,14.22000027,0,24.82554817,-,-,152,48,-,-,1.97820342,5.58814526,-0.7763772,-,12.80000019,78
12-Mar-2022 17:29:12.705,-,152,6,160,-,-,-,-,3,-,-,-,-,-,-,-,-,-,-,-,-,-,-,-,-,-,-,-,-,-,-,-,-,-,-,-,-,-,37.28227152,4.70588255,0,23,-,21.56862831,823,-,-,4620.90233268,-,-,-,9,13.92362285,0,8.78824425,11.37860012,14.22000027,0,24.82554817,-,-,152,48,-,-,1.97820342,5.58814526,-0.7763772,-,12.80000019,78
12-Mar-2022 17:29:13.706,-,152,6,160,-,-,-,-,3,-,-,-,-,-,-,-,-,-,-,-,-,-,-,-,-,-,-,-,-,-,-,-,-,-,-,-,-,-,37.28227152,4.70588255,0,23,-,21.56862831,823,-,-,4620.90233268,-,-,-,9,13.92362285,0,8.78824425,11.37860012,14.22000027,0,24.82554817,-,-,152,48,-,-,1.97820342,5.58814526,-0.7763772,-,12.80000019,78
12-Mar-2022 17:29:14.706,-,152,6,160,-,-,-,-,3,-,-,-,-,-,-,-,-,-,-,-,-,-,-,-,-,-,-,-,-,-,-,-,-,-,-,-,-,-,37.28227152,4.70588255,0,23,-,21.56862831,823,-,-,4620.90233268,-,-,-,9,13.92362285,0,8.78824425,11.37860012,14.22000027,0,24.82554817,-,-,152,48,-,-,1.97820342,5.58814526,-0.7763772,-,12.80000019,78
12-Mar-2022 17:29:15.706,-,152,6,160,-,-,-,-,3,-,-,-,-,-,-,-,-,-,-,-,-,-,-,-,-,-,-,-,-,-,-,-,-,-,-,-,-,-,37.28227152,4.70588255,0,23,-,21.56862831,823,-,-,4620.90233268,-,-,-,9,13.92362285,0,8.78824425,11.37860012,14.22000027,0,24.82554817,-,-,152,48,-,-,1.97820342,5.58814526,-0.7763772,-,12.80000019,78
12-Mar-2022 17:29:16.706,-,152,6,160,-,-,-,-,3,-,-,-,-,-,-,-,-,-,-,-,-,-,-,-,-,-,-,-,-,-,-,-,-,-,-,-,-,-,37.28227152,4.70588255,0,23,-,21.56862831,823,-,-,4620.90233268,-,-,-,9,13.92362285,0,8.78824425,11.37860012,14.22000027,0,24.82554817,-,-,152,48,-,-,1.97820342,5.58814526,-0.7763772,-,12.80000019,78
12-Mar-2022 17:29:17.705,-,152,6,160,-,-,-,-,3,-,-,-,-,-,-,-,-,-,-,-,-,-,-,-,-,-,-,-,-,-,-,-,-,-,-,-,-,-,37.28227152,4.70588255,0,23,-,21.56862831,823,-,-,4620.90233268,-,-,-,9,13.92362285,0,8.78824425,11.37860012,14.22000027,0,24.82554817,-,-,152,48,-,-,1.97820342,5.58814526,-0.7763772,-,12.80000019,78
12-Mar-2022 17:29:18.705,-,152,6,160,-,-,-,-,3,-,-,-,-,-,-,-,-,-,-,-,-,-,-,-,-,-,-,-,-,-,-,-,-,-,-,-,-,-,37.28227152,4.70588255,0,24,-,21.56862831,823,-,-,4620.90233268,-,-,-,9,13.92362285,0,8.78824425,11.37860012,14.22000027,0,24.82554817,-,-,152,48,-,-,1.97820342,5.58814526,-0.7763772,-,12.80000019,78
12-Mar-2022 17:29:19.705,-,152,6,160,-,-,-,-,3,-,-,-,-,-,-,-,-,-,-,-,-,-,-,-,-,-,-,-,-,-,-,-,-,-,-,-,-,-,37.28227152,4.70588255,0,24,-,21.56862831,815,-,-,4620.90233268,-,-,-,9,13.92362285,0,8.78749561,11.37957001,14.38000011,0,24.82343483,-,-,152,48,-,-,1.96250343,5.54379511,-0.7763772,-,12.80000019,79
12-Mar-2022 17:29:20.705,-,152,6,160,-,-,-,-,3,-,-,-,-,-,-,-,-,-,-,-,-,-,-,-,-,-,-,-,-,-,-,-,-,-,-,-,-,-,37.28227152,4.70588255,0,24,-,21.56862831,815,-,-,4333.72761144,-,-,-,9,13.92362285,0,8.78749561,11.37957001,14.38000011,0,24.82343483,-,-,152,48,-,-,1.96250343,5.54379511,-0.7763772,-,12.69999981,79
12-Mar-2022 17:29:21.706,-,152,6,160,-,-,-,-,3,-,-,-,-,-,-,-,-,-,-,-,-,-,-,-,-,-,-,-,-,-,-,-,-,-,-,-,-,-,37.28227152,4.70588255,0,24,-,21.56862831,815,-,-,4333.72761144,-,-,-,9,13.92362285,0,8.78749561,11.37957001,14.38000011,0,24.82343483,-,-,152,48,-,-,1.96250343,5.54379511,-0.7763772,-,12.69999981,79
12-Mar-2022 17:29:22.706,-,152,6,160,-,-,-,-,3,-,-,-,-,-,-,-,-,-,-,-,-,-,-,-,-,-,-,-,-,-,-,-,-,-,-,-,-,-,37.28227152,4.70588255,0,24,-,21.56862831,815,-,-,4333.72761144,-,-,-,9,13.92362285,0,8.78749561,11.37957001,14.38000011,0,24.82343483,-,-,152,48,-,-,1.96250343,5.54379511,-0.7763772,-,12.69999981,79
12-Mar-2022 17:29:23.706,-,152,6,160,-,-,-,-,3,-,-,-,-,-,-,-,-,-,-,-,-,-,-,-,-,-,-,-,-,-,-,-,-,-,-,-,-,-,37.28227152,4.70588255,0,24,-,21.56862831,815,-,-,4333.72761144,-,-,-,9,13.92362285,0,8.78749561,11.37957001,14.38000011,0,24.82343483,-,-,152,48,-,-,1.96250343,5.54379511,-0.7763772,-,12.69999981,79
12-Mar-2022 17:29:24.706,-,152,6,160,-,-,-,-,3,-,-,-,-,-,-,-,-,-,-,-,-,-,-,-,-,-,-,-,-,-,-,-,-,-,-,-,-,-,37.28227152,4.70588255,0,24,-,21.56862831,815,-,-,4333.72761144,-,-,-,9,13.92362285,0,8.78749561,11.37957001,14.38000011,0,24.82343483,-,-,152,48,-,-,1.96250343,5.54379511,-0.7763772,-,12.69999981,79
12-Mar-2022 17:29:25.705,-,152,6,160,-,-,-,-,3,-,-,-,-,-,-,-,-,-,-,-,-,-,-,-,-,-,-,-,-,-,-,-,-,-,-,-,-,-,37.28227152,4.70588255,0,24,-,21.56862831,815,-,-,4333.72761144,-,-,-,9,13.92362285,0,8.78749561,11.37957001,14.38000011,0,24.82343483,-,-,152,48,-,-,1.96250343,5.54379511,-0.7763772,-,12.69999981,79
12-Mar-2022 17:29:26.705,-,152,6,160,-,-,-,-,3,-,-,-,-,-,-,-,-,-,-,-,-,-,-,-,-,-,-,-,-,-,-,-,-,-,-,-,-,-,37.28227152,4.70588255,0,24,-,21.56862831,815,-,-,4333.72761144,-,-,-,9,13.92362285,0,8.78749561,11.37957001,14.38000011,0,24.82343483,-,-,152,48,-,-,1.96250343,5.54379511,-0.7763772,-,12.69999981,79
12-Mar-2022 17:29:27.706,-,152,6,160,-,-,-,-,3,-,-,-,-,-,-,-,-,-,-,-,-,-,-,-,-,-,-,-,-,-,-,-,-,-,-,-,-,-,37.28227152,4.70588255,0,24,-,21.56862831,815,-,-,4333.72761144,-,-,-,9,13.92362285,0,8.78749561,11.37957001,14.38000011,0,24.82343483,-,-,152,48,-,-,1.96250343,5.54379511,-0.7763772,-,12.69999981,79
12-Mar-2022 17:29:28.706,-,152,6,160,-,-,-,-,3,-,-,-,-,-,-,-,-,-,-,-,-,-,-,-,-,-,-,-,-,-,-,-,-,-,-,-,-,-,37.28227152,4.70588255,0,24,-,21.56862831,815,-,-,4333.72761144,-,-,-,9,13.92362285,0,8.78749561,11.37957001,14.38000011,0,24.82343483,-,-,152,48,-,-,1.96250343,5.54379511,-0.7763772,-,12.69999981,79
12-Mar-2022 17:29:29.708,-,152,6,160,-,-,-,-,3,-,-,-,-,-,-,-,-,-,-,-,-,-,-,-,-,-,-,-,-,-,-,-,-,-,-,-,-,-,37.28227152,4.70588255,0,24,-,21.1764698,822,-,-,4333.72761144,-,-,-,9,13.92362285,0,8.78674889,11.38053703,14.10999966,0,24.82132339,-,-,152,48,-,-,1.94915307,5.50608206,-0.7763772,-,12.69999981,79
12-Mar-2022 17:29:30.706,-,152,6,160,-,-,-,-,3,-,-,-,-,-,-,-,-,-,-,-,-,-,-,-,-,-,-,-,-,-,-,-,-,-,-,-,-,-,37.28227152,4.70588255,0,24,-,21.1764698,822,-,-,4333.72761144,-,-,-,9,13.92362285,0,8.78674889,11.38053703,14.10999966,0,24.82132339,-,-,152,48,-,-,1.94915307,5.50608206,-0.7763772,-,12.69999981,79
12-Mar-2022 17:29:31.706,-,152,6,160,-,-,-,-,3,-,-,-,-,-,-,-,-,-,-,-,-,-,-,-,-,-,-,-,-,-,-,-,-,-,-,-,-,-,37.28227152,4.70588255,0,24,-,21.1764698,822,-,-,4333.72761144,-,-,-,9,13.92362285,0,8.78674889,11.38053703,14.10999966,0,24.82132339,-,-,152,48,-,-,1.94915307,5.50608206,-0.7763772,-,12.69999981,79
12-Mar-2022 17:29:32.706,-,152,6,160,-,-,-,-,3,-,-,-,-,-,-,-,-,-,-,-,-,-,-,-,-,-,-,-,-,-,-,-,-,-,-,-,-,-,37.28227152,4.70588255,0,24,-,21.1764698,822,-,-,4333.72761144,-,-,-,9,13.92362285,0,8.78674889,11.38053703,14.10999966,0,24.82132339,-,-,152,48,-,-,1.94915307,5.50608206,-0.7763772,-,12.80000019,79
12-Mar-2022 17:29:33.706,-,152,6,160,-,-,-,-,3,-,-,-,-,-,-,-,-,-,-,-,-,-,-,-,-,-,-,-,-,-,-,-,-,-,-,-,-,-,37.28227152,4.70588255,0,24,-,21.1764698,822,-,-,4652.81063504,-,-,-,9,13.92362285,0,8.78674889,11.38053703,14.10999966,0,24.82132339,-,-,152,48,-,-,1.94915307,5.50608206,-0.7763772,-,12.80000019,79
12-Mar-2022 17:29:34.707,-,152,6,160,-,-,-,-,3,-,-,-,-,-,-,-,-,-,-,-,-,-,-,-,-,-,-,-,-,-,-,-,-,-,-,-,-,-,37.28227152,4.70588255,0,24,-,21.1764698,822,-,-,4652.81063504,-,-,-,9,13.92362285,0,8.78674889,11.38053703,14.10999966,0,24.82132339,-,-,152,48,-,-,1.94915307,5.50608206,-0.7763772,-,12.80000019,79
12-Mar-2022 17:29:35.706,-,152,6,160,-,-,-,-,3,-,-,-,-,-,-,-,-,-,-,-,-,-,-,-,-,-,-,-,-,-,-,-,-,-,-,-,-,-,37.28227152,4.70588255,0,24,-,21.1764698,822,-,-,4652.81063504,-,-,-,9,13.92362285,0,8.78674889,11.38053703,14.10999966,0,24.82132339,-,-,152,48,-,-,1.94915307,5.50608206,-0.7763772,-,12.80000019,79
12-Mar-2022 17:29:36.705,-,152,6,160,-,-,-,-,3,-,-,-,-,-,-,-,-,-,-,-,-,-,-,-,-,-,-,-,-,-,-,-,-,-,-,-,-,-,37.28227152,4.70588255,0,24,-,21.1764698,822,-,-,4652.81063504,-,-,-,9,13.92362285,0,8.78674889,11.38053703,14.10999966,0,24.82132339,-,-,152,48,-,-,1.94915307,5.50608206,-0.7763772,-,12.80000019,79
12-Mar-2022 17:29:37.705,-,152,6,160,-,-,-,-,3,-,-,-,-,-,-,-,-,-,-,-,-,-,-,-,-,-,-,-,-,-,-,-,-,-,-,-,-,-,37.28227152,4.70588255,0,24,-,21.1764698,822,-,-,4652.81063504,-,-,-,9,13.92362285,0,8.78674889,11.38053703,14.10999966,0,24.82132339,-,-,152,48,-,-,1.94915307,5.50608206,-0.7763772,-,12.80000019,79
12-Mar-2022 17:29:38.706,-,152,6,160,-,-,-,-,3,-,-,-,-,-,-,-,-,-,-,-,-,-,-,-,-,-,-,-,-,-,-,-,-,-,-,-,-,-,37.28227152,4.70588255,0,24,-,21.1764698,822,-,-,4652.81063504,-,-,-,9,13.92362285,0,8.78674889,11.38053703,14.10999966,0,24.82132339,-,-,152,48,-,-,1.94915307,5.50608206,-0.7763772,-,12.80000019,79
12-Mar-2022 17:29:39.707,-,152,6,160,-,-,-,-,3,-,-,-,-,-,-,-,-,-,-,-,-,-,-,-,-,-,-,-,-,-,-,-,-,-,-,-,-,-,37.28227152,4.70588255,0,24,-,21.1764698,822,-,-,4652.81063504,-,-,-,9,13.92362285,0,8.78674889,11.38053703,14.10999966,0,24.82132339,-,-,152,48,-,-,1.94915307,5.50608206,-0.7763772,-,12.80000019,79
12-Mar-2022 17:29:40.706,-,152,6,160,-,-,-,-,3,-,-,-,-,-,-,-,-,-,-,-,-,-,-,-,-,-,-,-,-,-,-,-,-,-,-,-,-,-,37.28227152,4.70588255,0,24,-,21.1764698,822,-,-,4652.81063504,-,-,-,9,13.92362285,0,8.78674889,11.38053703,14.10999966,0,24.82132339,-,-,152,48,-,-,1.94915307,5.50608206,-0.7763772,-,12.80000019,79
12-Mar-2022 17:29:41.706,-,152,6,160,-,-,-,-,3,-,-,-,-,-,-,-,-,-,-,-,-,-,-,-,-,-,-,-,-,-,-,-,-,-,-,-,-,-,37.28227152,4.70588255,0,24,-,21.1764698,822,-,-,4652.81063504,-,-,-,9,13.92362285,0,8.78674889,11.38053703,14.10999966,0,24.82132339,-,-,152,48,-,-,1.94915307,5.50608206,-0.7763772,-,12.80000019,79
12-Mar-2022 17:29:42.705,-,152,6,160,-,-,-,-,3,-,-,-,-,-,-,-,-,-,-,-,-,-,-,-,-,-,-,-,-,-,-,-,-,-,-,-,-,-,37.28227152,4.70588255,0,25,0.14791727,21.1764698,821,-,-,4652.81063504,-,-,0.19836032,9,13.92362285,0,8.78600216,11.38150406,14.18999958,0,24.81921577,-,-,152,48,-,-,1.9375509,5.47330761,-0.7763772,-,12.80000019,79
12-Mar-2022 17:29:43.705,-,152,6,160,-,-,-,-,3,-,-,-,-,-,-,-,-,-,-,-,-,-,-,-,-,-,-,-,-,-,-,-,-,-,-,-,-,-,37.28227152,4.70588255,0,25,0.14791727,21.56862831,821,-,-,4652.81063504,-,-,0.19836032,9,13.92362285,0,8.78600216,11.38150406,14.18999958,0,24.81921577,-,-,152,48,-,-,1.9375509,5.47330761,-0.7763772,-,12.80000019,79
12-Mar-2022 17:29:44.706,-,152,6,160,-,-,-,-,3,-,-,-,-,-,-,-,-,-,-,-,-,-,-,-,-,-,-,-,-,-,-,-,-,-,-,-,-,-,37.28227152,4.70588255,0,25,0.14791727,21.56862831,821,-,-,4652.81063504,-,-,0.19836032,9,13.92362285,0,8.78600216,11.38150406,14.18999958,0,24.81921577,-,-,152,48,-,-,1.9375509,5.47330761,-0.7763772,-,12.80000019,79
12-Mar-2022 17:29:45.705,-,152,6,160,-,-,-,-,3,-,-,-,-,-,-,-,-,-,-,-,-,-,-,-,-,-,-,-,-,-,-,-,-,-,-,-,-,-,37.28227152,4.70588255,0,25,0.14791727,21.56862831,821,-,-,4684.7189374,-,-,0.19836032,9,13.92362285,0,8.78600216,11.38150406,14.18999958,0,24.81921577,-,-,152,48,-,-,1.9375509,5.47330761,-0.7763772,-,12.80000019,79
12-Mar-2022 17:29:46.705,-,152,6,160,-,-,-,-,3,-,-,-,-,-,-,-,-,-,-,-,-,-,-,-,-,-,-,-,-,-,-,-,-,-,-,-,-,-,37.28227152,4.70588255,0,25,0.14791727,21.56862831,821,-,-,4684.7189374,-,-,0.19836032,9,13.92362285,0,8.78600216,11.38150406,14.18999958,0,24.81921577,-,-,152,48,-,-,1.9375509,5.47330761,-0.7763772,-,12.80000019,79
12-Mar-2022 17:29:47.705,-,152,6,160,-,-,-,-,3,-,-,-,-,-,-,-,-,-,-,-,-,-,-,-,-,-,-,-,-,-,-,-,-,-,-,-,-,-,37.28227152,4.70588255,0,25,0.14791727,21.56862831,821,-,-,4684.7189374,-,-,0.19836032,9,13.92362285,0,8.78600216,11.38150406,14.18999958,0,24.81921577,-,-,152,48,-,-,1.9375509,5.47330761,-0.7763772,-,12.80000019,79
12-Mar-2022 17:29:48.706,-,152,6,160,-,-,-,-,3,-,-,-,-,-,-,-,-,-,-,-,-,-,-,-,-,-,-,-,-,-,-,-,-,-,-,-,-,-,37.28227152,4.70588255,0,25,0.14791727,21.56862831,821,-,-,4684.7189374,-,-,0.19836032,9,13.92362285,0,8.78600216,11.38150406,14.18999958,0,24.81921577,-,-,152,48,-,-,1.9375509,5.47330761,-0.7763772,-,12.80000019,79
12-Mar-2022 17:29:49.706,-,152,6,160,-,-,-,-,3,-,-,-,-,-,-,-,-,-,-,-,-,-,-,-,-,-,-,-,-,-,-,-,-,-,-,-,-,-,37.28227152,4.70588255,0,25,-,21.56862831,821,-,-,4684.7189374,-,-,-,9,13.92362285,0,8.78600216,11.38150406,14.18999958,0,24.81921577,-,-,152,48,-,-,1.9375509,5.47330761,-0.7763772,-,12.80000019,79
12-Mar-2022 17:29:50.706,-,152,6,160,-,-,-,-,3,-,-,-,-,-,-,-,-,-,-,-,-,-,-,-,-,-,-,-,-,-,-,-,-,-,-,-,-,-,37.28227152,4.70588255,0,25,-,21.56862831,821,-,-,4684.7189374,-,-,-,9,13.92362285,0,8.78600216,11.38150406,14.18999958,0,24.81921577,-,-,152,48,-,-,1.9375509,5.47330761,-0.7763772,-,12.80000019,79
12-Mar-2022 17:29:51.706,-,152,6,160,-,-,-,-,3,-,-,-,-,-,-,-,-,-,-,-,-,-,-,-,-,-,-,-,-,-,-,-,-,-,-,-,-,-,37.28227152,4.70588255,0,25,-,21.56862831,821,-,-,4684.7189374,-,-,-,9,13.92362285,0,8.78600216,11.38150406,14.18999958,0,24.81921577,-,-,152,48,-,-,1.9375509,5.47330761,-0.7763772,-,12.80000019,79
12-Mar-2022 17:29:52.706,-,152,6,160,-,-,-,-,3,-,-,-,-,-,-,-,-,-,-,-,-,-,-,-,-,-,-,-,-,-,-,-,-,-,-,-,-,-,37.28227152,4.70588255,0,25,-,21.56862831,821,-,-,4684.7189374,-,-,-,9,13.92362285,0,8.78600216,11.38150406,14.18999958,0,24.81921577,-,-,152,48,-,-,1.9375509,5.47330761,-0.7763772,-,12.80000019,79
12-Mar-2022 17:29:53.706,-,152,6,160,-,-,-,-,3,-,-,-,-,-,-,-,-,-,-,-,-,-,-,-,-,-,-,-,-,-,-,-,-,-,-,-,-,-,37.28227152,4.70588255,0,25,-,21.56862831,821,-,-,4684.7189374,-,-,-,9,13.92362285,0,8.78600216,11.38150406,14.18999958,0,24.81921577,-,-,152,48,-,-,1.9375509,5.47330761,-0.7763772,-,12.80000019,79
12-Mar-2022 17:29:54.706,-,152,6,160,-,-,-,-,3,-,-,-,-,-,-,-,-,-,-,-,-,-,-,-,-,-,-,-,-,-,-,-,-,-,-,-,-,-,37.28227152,4.70588255,0,25,-,21.56862831,821,-,-,4684.7189374,-,-,-,9,13.92362285,0,8.78600216,11.38150406,14.18999958,0,24.81921577,-,-,152,48,-,-,1.9375509,5.47330761,-0.7763772,-,12.80000019,79
12-Mar-2022 17:29:55.706,-,152,6,160,-,-,-,-,3,-,-,-,-,-,-,-,-,-,-,-,-,-,-,-,-,-,-,-,-,-,-,-,-,-,-,-,-,-,37.28227152,4.70588255,0,25,-,21.56862831,818,-,-,4684.7189374,-,-,-,9,13.92362285,0,8.78525829,11.38246822,13.72000027,0,24.81711388,-,-,152,48,-,-,1.92729938,5.44434834,-0.7763772,-,12.80000019,78
12-Mar-2022 17:29:56.706,-,152,6,160,-,-,-,-,3,-,-,-,-,-,-,-,-,-,-,-,-,-,-,-,-,-,-,-,-,-,-,-,-,-,-,-,-,-,37.28227152,4.70588255,0,25,-,21.56862831,818,-,-,4684.7189374,-,-,-,9,13.92362285,0,8.78525829,11.38246822,13.72000027,0,24.81711388,-,-,152,48,-,-,1.92729938,5.44434834,-0.7763772,-,12.80000019,78
12-Mar-2022 17:29:57.706,-,152,6,160,-,-,-,-,3,-,-,-,-,-,-,-,-,-,-,-,-,-,-,-,-,-,-,-,-,-,-,-,-,-,-,-,-,-,37.28227152,4.70588255,0,25,-,21.56862831,818,-,-,4588.99403032,-,-,-,9,13.92362285,0,8.78525829,11.38246822,13.72000027,0,24.81711388,-,-,152,48,-,-,1.92729938,5.44434834,-0.7763772,-,12.80000019,78
12-Mar-2022 17:29:58.705,-,152,6,160,-,-,-,-,3,-,-,-,-,-,-,-,-,-,-,-,-,-,-,-,-,-,-,-,-,-,-,-,-,-,-,-,-,-,37.28227152,4.70588255,0,25,-,21.56862831,818,-,-,4588.99403032,-,-,-,9,13.92362285,0,8.78525829,11.38246822,13.72000027,0,24.81711388,-,-,152,48,-,-,1.92729938,5.44434834,-0.7763772,-,12.80000019,78
12-Mar-2022 17:29:59.705,-,152,6,160,-,-,-,-,3,-,-,-,-,-,-,-,-,-,-,-,-,-,-,-,-,-,-,-,-,-,-,-,-,-,-,-,-,-,37.28227152,4.70588255,0,25,-,21.56862831,818,-,-,4588.99403032,-,-,-,9,13.92362285,0,8.78525829,11.38246822,13.72000027,0,24.81711388,-,-,152,48,-,-,1.92729938,5.44434834,-0.7763772,-,12.80000019,78
12-Mar-2022 17:30:00.706,-,152,6,160,-,-,-,-,3,-,-,-,-,-,-,-,-,-,-,-,-,-,-,-,-,-,-,-,-,-,-,-,-,-,-,-,-,-,37.28227152,4.70588255,0,25,-,21.56862831,818,-,-,4588.99403032,-,-,-,9,13.92362285,0,8.78525829,11.38246822,13.72000027,0,24.81711388,-,-,152,48,-,-,1.92729938,5.44434834,-0.7763772,-,12.80000019,78
12-Mar-2022 17:30:01.706,-,152,6,160,-,-,-,-,3,-,-,-,-,-,-,-,-,-,-,-,-,-,-,-,-,-,-,-,-,-,-,-,-,-,-,-,-,-,37.28227152,4.70588255,0,25,-,21.56862831,818,-,-,4588.99403032,-,-,-,9,13.92362285,0,8.78525829,11.38246822,13.72000027,0,24.81711388,-,-,152,48,-,-,1.92729938,5.44434834,-0.7763772,-,12.80000019,78
12-Mar-2022 17:30:02.706,-,152,6,160,-,-,-,-,3,-,-,-,-,-,-,-,-,-,-,-,-,-,-,-,-,-,-,-,-,-,-,-,-,-,-,-,-,-,37.28227152,4.70588255,0,25,-,21.56862831,818,-,-,4588.99403032,-,-,-,9,13.92362285,0,8.78525829,11.38246822,13.72000027,0,24.81711388,-,-,152,48,-,-,1.92729938,5.44434834,-0.7763772,-,12.80000019,78
12-Mar-2022 17:30:03.706,-,152,6,160,-,-,-,-,3,-,-,-,-,-,-,-,-,-,-,-,-,-,-,-,-,-,-,-,-,-,-,-,-,-,-,-,-,-,37.28227152,4.70588255,0,25,-,21.56862831,818,-,-,4588.99403032,-,-,-,9,13.92362285,0,8.78525829,11.38246822,13.72000027,0,24.81711388,-,-,152,48,-,-,1.92729938,5.44434834,-0.7763772,-,12.80000019,78
12-Mar-2022 17:30:04.706,-,152,6,160,-,-,-,-,3,-,-,-,-,-,-,-,-,-,-,-,-,-,-,-,-,-,-,-,-,-,-,-,-,-,-,-,-,-,37.28227152,4.70588255,0,26,-,21.56862831,818,-,-,4588.99403032,-,-,-,9,13.92362285,0,8.78451538,11.38343048,13.80000019,0,24.81501389,-,-,152,48,-,-,1.9181217,5.41842318,-0.7763772,-,12.80000019,78
12-Mar-2022 17:30:05.706,-,152,6,160,-,-,-,-,3,-,-,-,-,-,-,-,-,-,-,-,-,-,-,-,-,-,-,-,-,-,-,-,-,-,-,-,-,-,37.28227152,4.70588255,0,26,-,21.56862831,819,-,-,4588.99403032,-,-,-,9,13.92362285,0,8.78451538,11.38343048,13.80000019,0,24.81501389,-,-,152,48,-,-,1.9181217,5.41842318,-0.7763772,-,12.80000019,78
12-Mar-2022 17:30:06.706,-,152,6,160,-,-,-,-,3,-,-,-,-,-,-,-,-,-,-,-,-,-,-,-,-,-,-,-,-,-,-,-,-,-,-,-,-,-,37.28227152,4.70588255,0,26,-,21.56862831,819,-,-,4652.81063504,-,-,-,9,13.92362285,0,8.78451538,11.38343048,13.80000019,0,24.81501389,-,-,152,48,-,-,1.9181217,5.41842318,-0.7763772,-,12.80000019,78
12-Mar-2022 17:30:07.705,-,152,6,160,-,-,-,-,3,-,-,-,-,-,-,-,-,-,-,-,-,-,-,-,-,-,-,-,-,-,-,-,-,-,-,-,-,-,37.28227152,4.70588255,0,26,-,21.56862831,819,-,-,4652.81063504,-,-,-,9,13.92362285,0,8.78451538,11.38343048,13.80000019,0,24.81501389,-,-,152,48,-,-,1.9181217,5.41842318,-0.7763772,-,12.80000019,78
12-Mar-2022 17:30:08.705,-,152,6,160,-,-,-,-,3,-,-,-,-,-,-,-,-,-,-,-,-,-,-,-,-,-,-,-,-,-,-,-,-,-,-,-,-,-,37.28227152,4.70588255,0,26,-,21.56862831,819,-,-,4652.81063504,-,-,-,9,13.92362285,0,8.78451538,11.38343048,13.80000019,0,24.81501389,-,-,152,48,-,-,1.9181217,5.41842318,-0.7763772,-,12.80000019,78
12-Mar-2022 17:30:09.705,-,152,6,160,-,-,-,-,3,-,-,-,-,-,-,-,-,-,-,-,-,-,-,-,-,-,-,-,-,-,-,-,-,-,-,-,-,-,37.28227152,4.70588255,0,26,-,21.56862831,819,-,-,4652.81063504,-,-,-,9,13.92362285,0,8.78451538,11.38343048,13.80000019,0,24.81501389,-,-,152,48,-,-,1.9181217,5.41842318,-0.7763772,-,12.80000019,78
12-Mar-2022 17:30:10.705,-,152,6,160,-,-,-,-,3,-,-,-,-,-,-,-,-,-,-,-,-,-,-,-,-,-,-,-,-,-,-,-,-,-,-,-,-,-,37.28227152,4.70588255,0,26,-,21.56862831,819,-,-,4652.81063504,-,-,-,9,13.92362285,0,8.78451538,11.38343048,13.80000019,0,24.81501389,-,-,152,48,-,-,1.9181217,5.41842318,-0.7763772,-,12.80000019,78
12-Mar-2022 17:30:11.708,-,152,6,160,-,-,-,-,3,-,-,-,-,-,-,-,-,-,-,-,-,-,-,-,-,-,-,-,-,-,-,-,-,-,-,-,-,-,37.28227152,4.70588255,0,26,-,21.56862831,819,-,-,4652.81063504,-,-,-,9,13.92362285,0,8.78451538,11.38343048,13.80000019,0,24.81501389,-,-,152,48,-,-,1.9181217,5.41842318,-0.7763772,-,12.80000019,78
12-Mar-2022 17:30:12.706,-,152,6,160,-,-,-,-,3,-,-,-,-,-,-,-,-,-,-,-,-,-,-,-,-,-,-,-,-,-,-,-,-,-,-,-,-,-,37.28227152,4.70588255,0,26,-,21.56862831,819,-,-,4652.81063504,-,-,-,9,13.92362285,0,8.78451538,11.38343048,13.80000019,0,24.81501389,-,-,152,48,-,-,1.9181217,5.41842318,-0.7763772,-,12.80000019,78
12-Mar-2022 17:30:13.706,-,152,6,160,-,-,-,-,3,-,-,-,-,-,-,-,-,-,-,-,-,-,-,-,-,-,-,-,-,-,-,-,-,-,-,-,-,-,37.28227152,4.70588255,0,26,-,21.56862831,819,-,-,4652.81063504,-,-,-,9,13.92362285,0,8.78451538,11.38343048,13.80000019,0,24.81501389,-,-,152,48,-,-,1.9181217,5.41842318,-0.7763772,-,12.80000019,78
12-Mar-2022 17:30:14.706,-,152,6,160,-,-,-,-,3,-,-,-,-,-,-,-,-,-,-,-,-,-,-,-,-,-,-,-,-,-,-,-,-,-,-,-,-,-,37.28227152,4.70588255,0,26,-,21.56862831,820,-,-,4652.81063504,-,-,-,9,13.92362285,0,8.78377342,11.38439178,14.15999985,0,24.81291962,-,-,152,48,-,-,1.90981817,5.3949666,-0.7763772,-,12.80000019,78
12-Mar-2022 17:30:15.706,-,152,6,160,-,-,-,-,3,-,-,-,-,-,-,-,-,-,-,-,-,-,-,-,-,-,-,-,-,-,-,-,-,-,-,-,-,-,37.28227152,4.70588255,0,26,-,21.1764698,820,-,-,4652.81063504,-,-,-,9,13.92362285,0,8.78377342,11.38439178,14.15999985,0,24.81291962,-,-,152,48,-,-,1.90981817,5.3949666,-0.7763772,-,12.80000019,78
12-Mar-2022 17:30:16.706,-,152,6,160,-,-,-,-,3,-,-,-,-,-,-,-,-,-,-,-,-,-,-,-,-,-,-,-,-,-,-,-,-,-,-,-,-,-,37.28227152,4.70588255,0,26,-,21.1764698,820,-,-,4652.81063504,-,-,-,9,13.92362285,0,8.78377342,11.38439178,14.15999985,0,24.81291962,-,-,152,48,-,-,1.90981817,5.3949666,-0.7763772,-,12.69999981,78
12-Mar-2022 17:30:17.706,-,152,6,160,-,-,-,-,3,-,-,-,-,-,-,-,-,-,-,-,-,-,-,-,-,-,-,-,-,-,-,-,-,-,-,-,-,-,37.28227152,4.70588255,0,26,-,21.1764698,-,820,-,-,-,4652.81063504,-,-,-,9,13.92362285,0,8.78377342,11.38439178,14.15999985,0,24.81291962,-,-,152,48,0,-,-,1.90981817,52.35991669,5.3949666,-0.7763772,-,12.69999981,78
12-Mar-2022 17:30:18.706,-,152,6,160,-,-,-,-,3,-,-,-,-,-,-,-,-,-,-,-,-,-,-,-,-,-,-,-,-,-,-,-,-,-,-,-,-,-,37.28227152,4.70588255,0,26,-,21.1764698,-,820,-,-,-,4652.81063504,-,-,-,9,13.92362285,0,8.78377342,11.38439178,14.15999985,0,24.81291962,-,-,152,48,0,-,-,1.90981817,52.35991669,5.3949666,-0.7763772,-,12.69999981,78
12-Mar-2022 17:30:19.707,-,152,6,160,-,-,-,-,3,-,-,-,-,-,-,-,-,-,-,-,-,-,-,-,-,-,-,-,-,-,-,-,-,-,-,-,-,-,37.28227152,4.70588255,0,26,-,21.1764698,-,820,-,-,-,4652.81063504,-,-,-,9,13.92362285,0,8.78377342,11.38439178,14.15999985,0,24.81291962,-,-,152,48,0,-,-,1.90981817,52.35991669,5.3949666,-0.7763772,-,12.69999981,78
12-Mar-2022 17:30:20.707,-,152,6,160,-,-,-,-,3,-,-,-,-,-,-,-,-,-,-,-,-,-,-,-,-,-,-,-,-,-,-,-,-,-,-,-,-,-,37.28227152,4.70588255,0,26,-,21.1764698,-,820,-,-,-,4652.81063504,-,-,-,9,13.92362285,0,8.78377342,11.38439178,14.15999985,0,24.81291962,-,-,152,48,0,-,-,1.90981817,52.35991669,5.3949666,-0.7763772,-,12.69999981,78
12-Mar-2022 17:30:21.708,-,152,6,160,-,-,-,-,3,-,-,-,-,-,-,-,-,-,-,-,-,-,-,-,-,-,-,-,-,-,-,-,-,-,-,-,-,-,37.28227152,4.70588255,0,26,-,21.1764698,-,820,-,-,-,4652.81063504,-,-,-,9,13.92362285,0,8.78377342,11.38439178,14.15999985,0,24.81291962,-,-,152,48,0,-,-,1.90981817,52.35991669,5.3949666,-0.7763772,-,12.69999981,78
12-Mar-2022 17:30:22.710,-,152,6,160,-,-,-,-,3,-,-,-,-,-,-,-,-,-,-,-,-,-,-,-,-,-,-,-,-,-,-,-,-,-,-,-,-,-,37.28227152,4.70588255,0,26,-,21.1764698,-,820,-,-,-,4652.81063504,-,-,-,9,13.92362285,0,8.78377342,11.38439178,14.15999985,0,24.81291962,-,-,152,48,0,-,-,1.90981817,52.35991669,5.3949666,-0.7763772,-,12.69999981,78
12-Mar-2022 17:30:23.718,-,152,6,160,-,-,-,-,3,-,-,-,-,-,-,-,-,-,-,-,-,-,-,-,-,-,-,-,-,-,-,-,-,-,-,-,-,-,37.28227152,4.70588255,0,26,-,21.1764698,-,820,-,-,-,4652.81063504,-,-,-,9,13.92362285,0,8.78377342,11.38439178,14.15999985,0,24.81291962,-,-,152,48,0,-,-,1.90981817,52.35991669,5.3949666,-0.7763772,-,12.69999981,78
12-Mar-2022 17:30:24.708,-,152,6,160,-,-,-,-,3,-,-,-,-,-,-,-,-,-,-,-,-,-,-,-,-,-,-,-,-,-,-,-,-,-,-,-,-,-,37.28227152,4.70588255,0,26,0.94142509,21.1764698,-,820,-,-,-,4652.81063504,-,-,1.2624718,9,13.92362285,0,8.78377342,11.38439178,14.15999985,0,24.81291962,-,-,152,48,0,-,-,1.90981817,52.35991669,5.3949666,-0.7763772,-,12.69999981,78
12-Mar-2022 17:30:25.706,-,152,6,160,-,-,-,-,3,-,-,-,-,-,-,-,-,-,-,-,-,-,-,-,-,-,-,-,-,-,-,-,-,-,-,-,-,-,37.28227152,4.70588255,0,26,0.94142509,21.1764698,-,817,-,-,-,4652.81063504,-,-,1.2624718,9,13.92362285,4.08928156,8.77546501,11.39517117,14.07999992,11.55164337,24.78944778,-,-,152,48,0,-,-,2.0914402,47.81295013,5.90802288,-0.7763772,-,12.69999981,78
12-Mar-2022 17:30:26.707,-,152,6,160,-,-,-,-,3,-,-,-,-,-,-,-,-,-,-,-,-,-,-,-,-,-,-,-,-,-,-,-,-,-,-,-,-,-,37.28227152,4.70588255,0,26,0.94142509,21.1764698,-,817,-,-,-,4652.81063504,-,-,1.2624718,9,13.92362285,4.08928156,8.77546501,11.39517117,14.07999992,11.55164337,24.78944778,-,-,152,48,0,-,-,2.0914402,47.81295013,5.90802288,-0.7763772,-,12.80000019,78
12-Mar-2022 17:30:27.709,-,152,6,160,-,-,-,-,3,-,-,-,-,-,-,-,-,-,-,-,-,-,-,-,-,-,-,-,-,-,-,-,-,-,-,-,-,-,37.28227152,4.70588255,0,26,0.94142509,21.1764698,-,817,-,-,-,4525.1774256,-,-,1.2624718,9,13.92362285,4.08928156,8.77546501,11.39517117,14.07999992,11.55164337,24.78944778,-,-,152,48,0,-,-,2.0914402,47.81295013,5.90802288,-0.7763772,-,12.80000019,78
12-Mar-2022 17:30:28.707,-,152,6,160,-,-,-,-,3,-,-,-,-,-,-,-,-,-,-,-,-,-,-,-,-,-,-,-,-,-,-,-,-,-,-,-,-,-,37.28227152,4.70588255,0,26,0.94142509,21.1764698,-,817,-,-,-,4525.1774256,-,-,1.2624718,9,13.92362285,4.08928156,8.77546501,11.39517117,14.07999992,11.55164337,24.78944778,-,-,152,48,0,-,-,2.0914402,47.81295013,5.90802288,-0.7763772,-,12.80000019,78
12-Mar-2022 17:30:29.706,-,152,6,160,-,-,-,-,3,-,-,-,-,-,-,-,-,-,-,-,-,-,-,-,-,-,-,-,-,-,-,-,-,-,-,-,-,-,37.28227152,4.70588255,0,26,0.94142509,21.1764698,-,817,-,-,-,4525.1774256,-,-,1.2624718,9,13.92362285,4.08928156,8.77546501,11.39517117,14.07999992,11.55164337,24.78944778,-,-,152,48,0,-,-,2.0914402,47.81295013,5.90802288,-0.7763772,-,12.80000019,78
12-Mar-2022 17:30:30.707,-,152,6,160,-,-,-,-,3,-,-,-,-,-,-,-,-,-,-,-,-,-,-,-,-,-,-,-,-,-,-,-,-,-,-,-,-,-,37.28227152,4.70588255,0,26,0.94142509,21.1764698,-,817,-,-,-,4525.1774256,-,-,1.2624718,9,13.92362285,4.08928156,8.77546501,11.39517117,14.07999992,11.55164337,24.78944778,-,-,152,48,0,-,-,2.0914402,47.81295013,5.90802288,-0.7763772,-,12.80000019,78
12-Mar-2022 17:30:31.708,-,152,6,160,-,-,-,-,3,-,-,-,-,-,-,-,-,-,-,-,-,-,-,-,-,-,-,-,-,-,-,-,-,-,-,-,-,-,37.28227152,4.70588255,0,26,-,21.1764698,-,817,-,-,-,4525.1774256,-,-,-,9,13.92362285,4.08928156,8.77546501,11.39517117,14.07999992,11.55164337,24.78944778,-,-,152,48,0,-,-,2.0914402,47.81295013,5.90802288,-0.7763772,-,12.80000019,78
12-Mar-2022 17:30:32.710,-,152,6,160,-,-,-,-,3,-,-,-,-,-,-,-,-,-,-,-,-,-,-,-,-,-,-,-,-,-,-,-,-,-,-,-,-,-,37.28227152,4.70588255,0,26,-,21.1764698,-,817,-,-,-,4525.1774256,-,-,-,9,13.92362285,4.08928156,8.77546501,11.39517117,14.07999992,11.55164337,24.78944778,-,-,152,48,0,-,-,2.0914402,47.81295013,5.90802288,-0.7763772,-,12.80000019,78
12-Mar-2022 17:30:33.706,-,152,6,160,-,-,-,-,3,-,-,-,-,-,-,-,-,-,-,-,-,-,-,-,-,-,-,-,-,-,-,-,-,-,-,-,-,-,37.28227152,4.70588255,0,26,-,21.1764698,-,817,-,-,-,4525.1774256,-,-,-,9,13.92362285,4.08928156,8.77546501,11.39517117,14.07999992,11.55164337,24.78944778,-,-,152,48,0,-,-,2.0914402,47.81295013,5.90802288,-0.7763772,-,12.80000019,78
12-Mar-2022 17:30:34.707,-,152,6,160,-,-,-,-,3,-,-,-,-,-,-,-,-,-,-,-,-,-,-,-,-,-,-,-,-,-,-,-,-,-,-,-,-,-,37.28227152,4.70588255,0,27,-,21.1764698,-,817,-,-,-,4525.1774256,-,-,-,9,13.92362285,4.08928156,8.77546501,11.39517117,14.07999992,11.55164337,24.78944778,-,-,152,48,0,-,-,2.0914402,47.81295013,5.90802288,-0.7763772,-,12.80000019,78
12-Mar-2022 17:30:35.706,-,152,6,160,-,-,-,-,3,-,-,-,-,-,-,-,-,-,-,-,-,-,-,-,-,-,-,-,-,-,-,-,-,-,-,-,-,-,37.28227152,4.70588255,0,27,-,21.56862831,-,820,-,-,-,4525.1774256,-,-,-,9,13.92362285,3.63849688,8.76638889,11.40696907,14.30000019,10.2782402,24.7638092,-,-,152,48,0,-,-,2.21044445,45.23882675,6.24419355,-0.7763772,-,12.80000019,79
12-Mar-2022 17:30:36.709,-,152,6,160,-,-,-,-,3,-,-,-,-,-,-,-,-,-,-,-,-,-,-,-,-,-,-,-,-,-,-,-,-,-,-,-,-,-,37.28227152,4.70588255,0,27,-,21.56862831,-,820,-,-,-,4525.1774256,-,-,-,9,13.92362285,3.63849688,8.76638889,11.40696907,14.30000019,10.2782402,24.7638092,-,-,152,48,0,-,-,2.21044445,45.23882675,6.24419355,-0.7763772,-,12.80000019,79
12-Mar-2022 17:30:37.707,-,152,6,160,-,-,-,-,3,-,-,-,-,-,-,-,-,-,-,-,-,-,-,-,-,-,-,-,-,-,-,-,-,-,-,-,-,-,37.28227152,4.70588255,0,27,-,21.56862831,-,820,-,-,-,4684.7189374,-,-,-,9,13.92362285,3.63849688,8.76638889,11.40696907,14.30000019,10.2782402,24.7638092,-,-,152,48,0,-,-,2.21044445,45.23882675,6.24419355,-0.7763772,-,12.80000019,79
12-Mar-2022 17:30:38.706,-,152,6,160,-,-,-,-,3,-,-,-,-,-,-,-,-,-,-,-,-,-,-,-,-,-,-,-,-,-,-,-,-,-,-,-,-,-,37.28227152,4.70588255,0,27,-,21.56862831,-,820,-,-,-,4684.7189374,-,-,-,9,13.92362285,3.63849688,8.76638889,11.40696907,14.30000019,10.2782402,24.7638092,-,-,152,48,0,-,-,2.21044445,45.23882675,6.24419355,-0.7763772,-,12.80000019,79
12-Mar-2022 17:30:39.707,-,152,6,160,-,-,-,-,3,-,-,-,-,-,-,-,-,-,-,-,-,-,-,-,-,-,-,-,-,-,-,-,-,-,-,-,-,-,37.28227152,4.70588255,0,27,-,21.56862831,-,820,-,-,-,4684.7189374,-,-,-,9,13.92362285,3.63849688,8.76638889,11.40696907,14.30000019,10.2782402,24.7638092,-,-,152,48,0,-,-,2.21044445,45.23882675,6.24419355,-0.7763772,-,12.80000019,79
12-Mar-2022 17:30:40.706,-,152,6,160,-,-,-,-,3,-,-,-,-,-,-,-,-,-,-,-,-,-,-,-,-,-,-,-,-,-,-,-,-,-,-,-,-,-,37.28227152,4.70588255,0,27,-,21.56862831,-,820,-,-,-,4684.7189374,-,-,-,9,13.92362285,3.63849688,8.76638889,11.40696907,14.30000019,10.2782402,24.7638092,-,-,152,48,0,-,-,2.21044445,45.23882675,6.24419355,-0.7763772,-,12.80000019,79
12-Mar-2022 17:30:41.705,-,152,6,160,-,-,-,-,3,-,-,-,-,-,-,-,-,-,-,-,-,-,-,-,-,-,-,-,-,-,-,-,-,-,-,-,-,-,37.28227152,4.70588255,0,27,-,21.56862831,-,820,-,-,-,4684.7189374,-,-,-,9,13.92362285,3.63849688,8.76638889,11.40696907,14.30000019,10.2782402,24.7638092,-,-,152,48,0,-,-,2.21044445,45.23882675,6.24419355,-0.7763772,-,12.80000019,79
12-Mar-2022 17:30:42.708,-,152,6,160,-,-,-,-,3,-,-,-,-,-,-,-,-,-,-,-,-,-,-,-,-,-,-,-,-,-,-,-,-,-,-,-,-,-,37.28227152,4.70588255,0,27,-,21.56862831,-,820,-,-,-,4684.7189374,-,-,-,9,13.92362285,3.63849688,8.76638889,11.40696907,14.30000019,10.2782402,24.7638092,-,-,152,48,0,-,-,2.21044445,45.23882675,6.24419355,-0.7763772,-,12.80000019,79
12-Mar-2022 17:30:43.706,-,152,6,160,-,-,-,-,3,-,-,-,-,-,-,-,-,-,-,-,-,-,-,-,-,-,-,-,-,-,-,-,-,-,-,-,-,-,37.28227152,4.70588255,0,27,-,21.56862831,-,820,-,-,-,4684.7189374,-,-,-,9,13.92362285,3.63849688,8.76638889,11.40696907,14.30000019,10.2782402,24.7638092,-,-,152,48,0,-,-,2.21044445,45.23882675,6.24419355,-0.7763772,-,12.80000019,79
12-Mar-2022 17:30:44.706,-,152,6,160,-,-,-,-,3,-,-,-,-,-,-,-,-,-,-,-,-,-,-,-,-,-,-,-,-,-,-,-,-,-,-,-,-,-,37.28227152,4.70588255,0,27,0.1630456,21.56862831,-,820,-,-,-,4684.7189374,-,-,0.21864776,9,13.92362285,3.63849688,8.76638889,11.40696907,14.30000019,10.2782402,24.7638092,-,-,152,48,0,-,-,2.21044445,45.23882675,6.24419355,-0.7763772,-,12.80000019,79
12-Mar-2022 17:30:45.705,-,152,6,160,-,-,-,-,3,-,-,-,-,-,-,-,-,-,-,-,-,-,-,-,-,-,-,-,-,-,-,-,-,-,-,-,-,-,37.28227152,4.70588255,0,27,0.1630456,21.1764698,-,818,-,-,-,4684.7189374,-,-,0.21864776,9,13.92362285,1.6412946,8.75382233,11.42334366,14.22000027,4.6364255,24.72831154,-,-,152,48,0,-,-,2.16979098,46.0864296,6.12935305,-0.7763772,-,12.80000019,79
12-Mar-2022 17:30:46.706,-,152,6,160,-,-,-,-,3,-,-,-,-,-,-,-,-,-,-,-,-,-,-,-,-,-,-,-,-,-,-,-,-,-,-,-,-,-,37.28227152,4.70588255,0,27,0.1630456,21.1764698,-,818,-,-,-,4684.7189374,-,-,0.21864776,9,13.92362285,1.6412946,8.75382233,11.42334366,14.22000027,4.6364255,24.72831154,-,-,152,48,0,-,-,2.16979098,46.0864296,6.12935305,-0.7763772,-,12.80000019,79
12-Mar-2022 17:30:47.706,-,152,6,160,-,-,-,-,3,-,-,-,-,-,-,-,-,-,-,-,-,-,-,-,-,-,-,-,-,-,-,-,-,-,-,-,-,-,37.28227152,4.70588255,0,27,0.1630456,21.1764698,-,818,-,-,-,4684.7189374,-,-,0.21864776,9,13.92362285,1.6412946,8.75382233,11.42334366,14.22000027,4.6364255,24.72831154,-,-,152,48,0,-,-,2.16979098,46.0864296,6.12935305,-0.7763772,-,12.80000019,79
12-Mar-2022 17:30:48.706,-,152,6,160,-,-,-,-,3,-,-,-,-,-,-,-,-,-,-,-,-,-,-,-,-,-,-,-,-,-,-,-,-,-,-,-,-,-,37.28227152,4.70588255,0,27,0.1630456,21.1764698,-,818,-,-,-,4684.7189374,-,-,0.21864776,9,13.92362285,1.6412946,8.75382233,11.42334366,14.22000027,4.6364255,24.72831154,-,-,152,48,0,-,-,2.16979098,46.0864296,6.12935305,-0.7763772,-,12.80000019,79
12-Mar-2022 17:30:49.706,-,152,6,160,-,-,-,-,3,-,-,-,-,-,-,-,-,-,-,-,-,-,-,-,-,-,-,-,-,-,-,-,-,-,-,-,-,-,37.28227152,4.70588255,0,27,0.1630456,21.1764698,-,818,-,-,-,4684.7189374,-,-,0.21864776,9,13.92362285,1.6412946,8.75382233,11.42334366,14.22000027,4.6364255,24.72831154,-,-,152,48,0,-,-,2.16979098,46.0864296,6.12935305,-0.7763772,-,12.80000019,79
12-Mar-2022 17:30:50.706,-,152,6,160,-,-,-,-,3,-,-,-,-,-,-,-,-,-,-,-,-,-,-,-,-,-,-,-,-,-,-,-,-,-,-,-,-,-,37.28227152,4.70588255,0,27,0.1630456,21.1764698,-,818,-,-,-,4684.7189374,-,-,0.21864776,9,13.92362285,1.6412946,8.75382233,11.42334366,14.22000027,4.6364255,24.72831154,-,-,152,48,0,-,-,2.16979098,46.0864296,6.12935305,-0.7763772,-,12.80000019,79
12-Mar-2022 17:30:51.706,-,152,6,160,-,-,-,-,3,-,-,-,-,-,-,-,-,-,-,-,-,-,-,-,-,-,-,-,-,-,-,-,-,-,-,-,-,-,37.28227152,4.70588255,0,27,-,21.1764698,-,818,-,-,-,4684.7189374,-,-,-,9,13.92362285,1.6412946,8.75382233,11.42334366,14.22000027,4.6364255,24.72831154,-,-,152,48,0,-,-,2.16979098,46.0864296,6.12935305,-0.7763772,-,12.80000019,79
12-Mar-2022 17:30:52.706,-,152,6,160,-,-,-,-,3,-,-,-,-,-,-,-,-,-,-,-,-,-,-,-,-,-,-,-,-,-,-,-,-,-,-,-,-,-,37.28227152,4.70588255,0,27,0.01584945,21.1764698,-,818,-,-,-,4684.7189374,-,-,0.02125446,9,13.92362285,1.6412946,8.75382233,11.42334366,14.22000027,4.6364255,24.72831154,-,-,152,48,0,-,-,2.16979098,46.0864296,6.12935305,-0.7763772,-,12.80000019,79
12-Mar-2022 17:30:53.706,-,152,6,160,-,-,-,-,3,-,-,-,-,-,-,-,-,-,-,-,-,-,-,-,-,-,-,-,-,-,-,-,-,-,-,-,-,-,37.28227152,4.70588255,0,27,0.01584945,21.1764698,-,818,-,-,-,4684.7189374,-,-,0.02125446,9,13.92362285,1.6412946,8.75382233,11.42334366,14.22000027,4.6364255,24.72831154,-,-,152,48,0,-,-,2.16979098,46.0864296,6.12935305,-0.7763772,-,12.80000019,79
