Device Time, 0-100kph Time(s),100,011c obd standards vehicle conforms to,120,140,160,0901 vin message count,902,903,904,905,906,907,908,909,090A,090B,Absolute Throttle Position B(%),Actual engine % torque(%),Air Fuel Ratio(Commanded)(:1),Air Fuel Ratio(Measured)(:1),Alcohol Fuel Percentage(%),Ambient air temp(°C),Barometric pressure (from vehicle)(psi),Boost Pressure Commanded A(psi),Boost Pressure Commanded B(psi),Boost Pressure Sensor A(psi),Boost Pressure Sensor B(psi),Catalyst Temperature (Bank 1 Sensor 1)(°C),Catalyst Temperature (Bank 1 Sensor 2)(°C),Catalyst Temperature (Bank 2 Sensor 1)(°C),Catalyst Temperature (Bank 2 Sensor 2)(°C),Charge air cooler temperature (CACT)(°C),Commanded Equivalence Ratio(lambda),Cost per mile/km (Instant)(£/m),Cost per mile/km (Trip)(£/m),CO₂ in g/km (Average)(g/km),Distance to empty (Estimated)(miles),Distance travelled with MIL/CEL lit(miles),EGR Commanded(%),EGR Error(%),Engine Coolant Temperature(°C),Engine kW (At the wheels)(kW),Engine Load(%),Engine RPM(rpm),Fuel flow rate/hour(l/hr),Fuel flow rate/minute(cc/min),Fuel Rail Pressure(psi),Fuel Remaining (Calculated from vehicle profile)(%),Fuel used (trip)(l),Horsepower (At the wheels)(hp),Intake Air Temperature(°C),Intake Manifold Pressure(psi),Kilometers Per Litre(Instant)(kpl),Kilometers Per Litre(Long Term Average)(kpl),Litres Per 100 Kilometer(Long Term Average)(l/100km),Mass Air Flow Rate(g/s),Miles Per Gallon(Instant)(mpg),Miles Per Gallon(Long Term Average)(mpg),O2 Sensor4 Voltage(V),Odometer(from ECU)(miles),pids supported 01-20,service 09 pids supported,Throttle Position(Manifold)(%),Torque(Nm),Trip average KPL(kpl),Trip average MPG(mpg),Turbo Boost & Vacuum Gauge(psi),Voltage (Control Module)(V),Voltage (OBD Adapter)(V),Volumetric Efficiency (Calculated)(%)
28:00.7,-,152,6,160,-,-,-,-,3,-,-,-,-,-,-,-,-,-,-,-,-,-,-,-,-,-,-,-,-,-,-,-,-,-,-,-,-,-,37.28227152,4.70588255,0,21,-,23.52941132,820,-,-,4620.902333,-,-,-,9,13.92362285,0,8.83812141,11.31438637,13.90999985,0,24.96644402,-,-,152,48,-,-,-,-,-0.7763772,-,12.80000019,77
28:01.7,-,152,6,160,-,-,-,-,3,-,-,-,-,-,-,-,-,-,-,-,-,-,-,-,-,-,-,-,-,-,-,-,-,-,-,-,-,-,37.28227152,4.70588255,0,21,-,23.52941132,820,-,-,4620.902333,-,-,-,9,13.92362285,0,8.83812141,11.31438637,13.90999985,0,24.96644402,-,-,152,48,-,-,-,-,-0.7763772,-,12.80000019,77
28:02.7,-,152,6,160,-,-,-,-,3,-,-,-,-,-,-,-,-,-,-,-,-,-,-,-,-,-,-,-,-,-,-,-,-,-,-,-,-,-,37.28227152,4.70588255,0,21,-,23.52941132,820,-,-,4620.902333,-,-,-,9,13.92362285,0,8.83812141,11.31438637,13.90999985,0,24.96644402,-,-,152,48,-,-,-,-,-0.7763772,-,12.80000019,77
28:03.7,-,152,6,160,-,-,-,-,3,-,-,-,-,-,-,-,-,-,-,-,-,-,-,-,-,-,-,-,-,-,-,-,-,-,-,-,-,-,37.28227152,4.70588255,0,21,-,23.52941132,820,-,-,4557.085728,-,-,-,9,13.92362285,0,8.83812141,11.31438637,13.90999985,0,24.96644402,-,-,152,48,-,-,-,-,-0.7763772,-,12.80000019,77
28:04.7,-,152,6,160,-,-,-,-,3,-,-,-,-,-,-,-,-,-,-,-,-,-,-,-,-,-,-,-,-,-,-,-,-,-,-,-,-,-,37.28227152,4.70588255,0,21,-,23.52941132,820,-,-,4557.085728,-,-,-,9,13.92362285,0,8.83812141,11.31438637,13.90999985,0,24.96644402,-,-,152,48,-,-,-,-,-0.7763772,-,12.80000019,77
28:05.7,-,152,6,160,-,-,-,-,3,-,-,-,-,-,-,-,-,-,-,-,-,-,-,-,-,-,-,-,-,-,-,-,-,-,-,-,-,-,37.28227152,4.70588255,0,21,-,23.52941132,820,-,-,4557.085728,-,-,-,9,13.92362285,0,8.83812141,11.31438637,13.90999985,0,24.96644402,-,-,152,48,-,-,-,-,-0.7763772,-,12.80000019,77
28:06.7,-,152,6,160,-,-,-,-,3,-,-,-,-,-,-,-,-,-,-,-,-,-,-,-,-,-,-,-,-,-,-,-,-,-,-,-,-,-,37.28227152,4.70588255,0,21,-,23.52941132,820,-,-,4557.085728,-,-,-,9,13.92362285,0,8.83812141,11.31438637,13.90999985,0,24.96644402,-,-,152,48,-,-,-,-,-0.7763772,-,12.80000019,77
28:07.7,-,152,6,160,-,-,-,-,3,-,-,-,-,-,-,-,-,-,-,-,-,-,-,-,-,-,-,-,-,-,-,-,-,-,-,-,-,-,37.28227152,4.70588255,0,21,-,23.52941132,820,-,-,4557.085728,-,-,-,9,13.92362285,0,8.83812141,11.31438637,13.90999985,0,24.96644402,-,-,152,48,-,-,-,-,-0.7763772,-,12.80000019,77
28:08.7,-,152,6,160,-,-,-,-,3,-,-,-,-,-,-,-,-,-,-,-,-,-,-,-,-,-,-,-,-,-,-,-,-,-,-,-,-,-,37.28227152,4.70588255,0,21,-,23.52941132,820,-,-,4557.085728,-,-,-,9,13.92362285,0,8.83812141,11.31438637,13.90999985,0,24.96644402,-,-,152,48,-,-,-,-,-0.7763772,-,12.80000019,77
28:09.7,-,152,6,160,-,-,-,-,3,-,-,-,-,-,-,-,-,-,-,-,-,-,-,-,-,-,-,-,-,-,-,-,-,-,-,-,-,-,37.28227152,4.70588255,0,21,-,23.52941132,820,-,-,4557.085728,-,-,-,9,13.92362285,0,8.83812141,11.31438637,13.90999985,0,24.96644402,-,-,152,48,-,-,-,-,-0.7763772,-,12.80000019,77
28:10.7,-,152,6,160,-,-,-,-,3,-,-,-,-,-,-,-,-,-,-,-,-,-,-,-,-,-,-,-,-,-,-,-,-,-,-,-,-,-,37.28227152,4.70588255,0,21,-,23.52941132,820,-,-,4557.085728,-,-,-,9,13.92362285,0,8.83812141,11.31438637,13.90999985,0,24.96644402,-,-,152,48,-,-,-,-,-0.7763772,-,12.80000019,77
28:11.7,-,152,6,160,-,-,-,-,3,-,-,-,-,-,-,-,-,-,-,-,-,-,-,-,-,-,-,-,-,-,-,-,-,-,-,-,-,-,37.28227152,4.70588255,0,21,-,23.52941132,820,-,-,4557.085728,-,-,-,9,13.92362285,0,8.83812141,11.31438637,13.90999985,0,24.96644402,-,-,152,48,-,-,-,-,-0.7763772,-,12.80000019,77
28:12.7,-,152,6,160,-,-,-,-,3,-,-,-,-,-,-,-,-,-,-,-,-,-,-,-,-,-,-,-,-,-,-,-,-,-,-,-,-,-,37.28227152,4.70588255,0,21,-,23.52941132,820,-,-,4557.085728,-,-,-,9,13.92362285,0,8.83812141,11.31438637,13.90999985,0,24.96644402,-,-,152,48,-,-,-,-,-0.7763772,-,12.80000019,77
28:13.7,-,152,6,160,-,-,-,-,3,-,-,-,-,-,-,-,-,-,-,-,-,-,-,-,-,-,-,-,-,-,-,-,-,-,-,-,-,-,37.28227152,4.70588255,0,21,-,23.52941132,820,-,-,4557.085728,-,-,-,9,13.92362285,0,8.83812141,11.31438637,13.90999985,0,24.96644402,-,-,152,48,-,-,-,-,-0.7763772,-,12.80000019,77
28:14.7,-,152,6,160,-,-,-,-,3,-,-,-,-,-,-,-,-,-,-,-,-,-,-,-,-,-,-,-,-,-,-,-,-,-,-,-,-,-,37.28227152,4.70588255,0,21,-,23.52941132,820,-,-,4557.085728,-,-,-,9,13.92362285,0,8.83812141,11.31438637,13.90999985,0,24.96644402,-,-,152,48,-,-,-,-,-0.7763772,-,12.80000019,77
28:15.7,-,152,6,160,-,-,-,-,3,-,-,-,-,-,-,-,-,-,-,-,-,-,-,-,-,-,-,-,-,-,-,-,-,-,-,-,-,-,37.28227152,4.70588255,0,21,-,23.52941132,820,-,-,4557.085728,-,-,-,9,13.92362285,0,8.83812141,11.31438637,13.90999985,0,24.96644402,-,-,152,48,-,-,-,-,-0.7763772,-,12.80000019,77
28:16.7,-,152,6,160,-,-,-,-,3,-,-,-,-,-,-,-,-,-,-,-,-,-,-,-,-,-,-,-,-,-,-,-,-,-,-,-,-,-,37.28227152,4.70588255,0,21,-,23.52941132,820,-,-,4557.085728,-,-,-,9,13.92362285,0,8.83812141,11.31438637,13.90999985,0,24.96644402,-,-,152,48,-,-,-,-,-0.7763772,-,12.80000019,77
28:17.7,-,152,6,160,-,-,-,-,3,-,-,-,-,-,-,-,-,-,-,-,-,-,-,-,-,-,-,-,-,-,-,-,-,-,-,-,-,-,37.28227152,4.70588255,0,21,0.09321591,22.35294151,821,-,-,4557.085728,-,-,0.1250046,9,13.92362285,1.50590062,8.82488632,11.33135509,14.18999958,4.25395679,24.92905617,-,-,152,48,-,-,1.50590062,4.25395679,-0.7763772,-,12.80000019,78
28:18.7,-,152,6,160,-,-,-,-,3,-,-,-,-,-,-,-,-,-,-,-,-,-,-,-,-,-,-,-,-,-,-,-,-,-,-,-,-,-,37.28227152,4.70588255,0,21,0.09321591,22.35294151,821,-,-,4557.085728,-,-,0.1250046,9,13.92362285,1.50590062,8.82488632,11.33135509,14.18999958,4.25395679,24.92905617,-,-,152,48,-,-,1.50590062,4.25395679,-0.7763772,-,12.80000019,78
28:19.7,-,152,6,160,-,-,-,-,3,-,-,-,-,-,-,-,-,-,-,-,-,-,-,-,-,-,-,-,-,-,-,-,-,-,-,-,-,-,37.28227152,4.70588255,0,21,0.09321591,22.35294151,821,-,-,4557.085728,-,-,0.1250046,9,13.92362285,1.50590062,8.82488632,11.33135509,14.18999958,4.25395679,24.92905617,-,-,152,48,-,-,1.50590062,4.25395679,-0.7763772,-,12.80000019,78
28:20.7,-,152,6,160,-,-,-,-,3,-,-,-,-,-,-,-,-,-,-,-,-,-,-,-,-,-,-,-,-,-,-,-,-,-,-,-,-,-,37.28227152,4.70588255,0,21,0.09321591,22.35294151,821,-,-,4493.269123,-,-,0.1250046,9,13.92362285,1.50590062,8.82488632,11.33135509,14.18999958,4.25395679,24.92905617,-,-,152,48,-,-,1.50590062,4.25395679,-0.7763772,-,12.69999981,78
28:21.7,-,152,6,160,-,-,-,-,3,-,-,-,-,-,-,-,-,-,-,-,-,-,-,-,-,-,-,-,-,-,-,-,-,-,-,-,-,-,37.28227152,4.70588255,0,21,0.09321591,22.35294151,821,-,-,4493.269123,-,-,0.1250046,9,13.92362285,1.50590062,8.82488632,11.33135509,14.18999958,4.25395679,24.92905617,-,-,152,48,-,-,1.50590062,4.25395679,-0.7763772,-,12.69999981,78
28:22.7,-,152,6,160,-,-,-,-,3,-,-,-,-,-,-,-,-,-,-,-,-,-,-,-,-,-,-,-,-,-,-,-,-,-,-,-,-,-,37.28227152,4.70588255,0,21,0.09321591,22.35294151,821,-,-,4493.269123,-,-,0.1250046,9,13.92362285,1.50590062,8.82488632,11.33135509,14.18999958,4.25395679,24.92905617,-,-,152,48,-,-,1.50590062,4.25395679,-0.7763772,-,12.69999981,78
28:23.7,-,152,6,160,-,-,-,-,3,-,-,-,-,-,-,-,-,-,-,-,-,-,-,-,-,-,-,-,-,-,-,-,-,-,-,-,-,-,37.28227152,4.70588255,0,21,-,22.35294151,821,-,-,4493.269123,-,-,-,9,13.92362285,1.50590062,8.82488632,11.33135509,14.18999958,4.25395679,24.92905617,-,-,152,48,-,-,1.50590062,4.25395679,-0.7763772,-,12.69999981,78
28:24.7,-,152,6,160,-,-,-,-,3,-,-,-,-,-,-,-,-,-,-,-,-,-,-,-,-,-,-,-,-,-,-,-,-,-,-,-,-,-,37.28227152,4.70588255,0,21,-,22.35294151,821,-,-,4493.269123,-,-,-,9,13.92362285,1.50590062,8.82488632,11.33135509,14.18999958,4.25395679,24.92905617,-,-,152,48,-,-,1.50590062,4.25395679,-0.7763772,-,12.69999981,78
28:25.7,-,152,6,160,-,-,-,-,3,-,-,-,-,-,-,-,-,-,-,-,-,-,-,-,-,-,-,-,-,-,-,-,-,-,-,-,-,-,37.28227152,4.70588255,0,21,-,22.35294151,821,-,-,4493.269123,-,-,-,9,13.92362285,1.50590062,8.82488632,11.33135509,14.18999958,4.25395679,24.92905617,-,-,152,48,-,-,1.50590062,4.25395679,-0.7763772,-,12.69999981,78
28:26.7,-,152,6,160,-,-,-,-,3,-,-,-,-,-,-,-,-,-,-,-,-,-,-,-,-,-,-,-,-,-,-,-,-,-,-,-,-,-,37.28227152,4.70588255,0,21,0.1435402,22.35294151,821,-,-,4493.269123,-,-,0.19249058,9,13.92362285,1.50590062,8.82488632,11.33135509,14.18999958,4.25395679,24.92905617,-,-,152,48,-,-,1.50590062,4.25395679,-0.7763772,-,12.69999981,78
28:27.7,-,152,6,160,-,-,-,-,3,-,-,-,-,-,-,-,-,-,-,-,-,-,-,-,-,-,-,-,-,-,-,-,-,-,-,-,-,-,37.28227152,4.70588255,0,21,0.1435402,22.35294151,821,-,-,4493.269123,-,-,0.19249058,9,13.92362285,1.50590062,8.82488632,11.33135509,14.18999958,4.25395679,24.92905617,-,-,152,48,-,-,1.50590062,4.25395679,-0.7763772,-,12.69999981,78
28:28.7,-,152,6,160,-,-,-,-,3,-,-,-,-,-,-,-,-,-,-,-,-,-,-,-,-,-,-,-,-,-,-,-,-,-,-,-,-,-,37.28227152,4.70588255,0,21,0.1435402,22.35294151,821,-,-,4493.269123,-,-,0.19249058,9,13.92362285,1.50590062,8.82488632,11.33135509,14.18999958,4.25395679,24.92905617,-,-,152,48,-,-,1.50590062,4.25395679,-0.7763772,-,12.69999981,78
28:29.7,-,152,6,160,-,-,-,-,3,-,-,-,-,-,-,-,-,-,-,-,-,-,-,-,-,-,-,-,-,-,-,-,-,-,-,-,-,-,37.28227152,4.70588255,0,21,0.1435402,22.35294151,821,-,-,4493.269123,-,-,0.19249058,9,13.92362285,1.50590062,8.82488632,11.33135509,14.18999958,4.25395679,24.92905617,-,-,152,48,-,-,1.50590062,4.25395679,-0.7763772,-,12.69999981,78
28:30.7,-,152,6,160,-,-,-,-,3,-,-,-,-,-,-,-,-,-,-,-,-,-,-,-,-,-,-,-,-,-,-,-,-,-,-,-,-,-,37.28227152,4.70588255,0,21,0.00177777,22.35294151,821,-,-,4493.269123,-,-,0.00238403,9,13.92362285,1.50590062,8.82488632,11.33135509,14.18999958,4.25395679,24.92905617,-,-,152,48,-,-,1.50590062,4.25395679,-0.7763772,-,12.69999981,78
28:31.7,-,152,6,160,-,-,-,-,3,-,-,-,-,-,-,-,-,-,-,-,-,-,-,-,-,-,-,-,-,-,-,-,-,-,-,-,-,-,37.28227152,4.70588255,0,21,0.00177777,22.35294151,821,-,-,4493.269123,-,-,0.00238403,9,13.92362285,1.50590062,8.82488632,11.33135509,14.18999958,4.25395679,24.92905617,-,-,152,48,-,-,1.50590062,4.25395679,-0.7763772,-,12.69999981,78
28:32.7,-,152,6,160,-,-,-,-,3,-,-,-,-,-,-,-,-,-,-,-,-,-,-,-,-,-,-,-,-,-,-,-,-,-,-,-,-,-,37.28227152,4.70588255,0,21,0.00177777,22.35294151,821,-,-,4493.269123,-,-,0.00238403,9,13.92362285,1.50590062,8.82488632,11.33135509,14.18999958,4.25395679,24.92905617,-,-,152,48,-,-,1.50590062,4.25395679,-0.7763772,-,12.69999981,78
28:33.7,-,152,6,160,-,-,-,-,3,-,-,-,-,-,-,-,-,-,-,-,-,-,-,-,-,-,-,-,-,-,-,-,-,-,-,-,-,-,37.28227152,4.70588255,0,21,0.00177777,22.35294151,821,-,-,4493.269123,-,-,0.00238403,9,13.92362285,1.50590062,8.82488632,11.33135509,14.18999958,4.25395679,24.92905617,-,-,152,48,-,-,1.50590062,4.25395679,-0.7763772,-,12.69999981,78
28:34.7,-,152,6,160,-,-,-,-,3,-,-,-,-,-,-,-,-,-,-,-,-,-,-,-,-,-,-,-,-,-,-,-,-,-,-,-,-,-,37.28227152,4.70588255,0,22,-,21.96078491,820,-,-,4493.269123,-,-,-,9,13.92362285,1.87373471,8.81236172,11.34745979,14.13000011,5.29303598,24.89367676,-,-,152,48,-,-,1.68981767,4.77349615,-0.7763772,-,12.69999981,78
28:35.7,-,152,6,160,-,-,-,-,3,-,-,-,-,-,-,-,-,-,-,-,-,-,-,-,-,-,-,-,-,-,-,-,-,-,-,-,-,-,37.28227152,4.70588255,0,22,-,21.96078491,820,-,-,4493.269123,-,-,-,9,13.92362285,1.87373471,8.81236172,11.34745979,14.13000011,5.29303598,24.89367676,-,-,152,48,-,-,1.68981767,4.77349615,-0.7763772,-,12.69999981,78
28:36.7,-,152,6,160,-,-,-,-,3,-,-,-,-,-,-,-,-,-,-,-,-,-,-,-,-,-,-,-,-,-,-,-,-,-,-,-,-,-,37.28227152,4.70588255,0,22,-,21.96078491,820,-,-,4429.452519,-,-,-,9,13.92362285,1.87373471,8.81236172,11.34745979,14.13000011,5.29303598,24.89367676,-,-,152,48,-,-,1.68981767,4.77349615,-0.7763772,-,12.80000019,78
28:37.7,-,152,6,160,-,-,-,-,3,-,-,-,-,-,-,-,-,-,-,-,-,-,-,-,-,-,-,-,-,-,-,-,-,-,-,-,-,-,37.28227152,4.70588255,0,22,-,21.96078491,820,-,-,4429.452519,-,-,-,9,13.92362285,1.87373471,8.81236172,11.34745979,14.13000011,5.29303598,24.89367676,-,-,152,48,-,-,1.68981767,4.77349615,-0.7763772,-,12.80000019,78
28:38.7,-,152,6,160,-,-,-,-,3,-,-,-,-,-,-,-,-,-,-,-,-,-,-,-,-,-,-,-,-,-,-,-,-,-,-,-,-,-,37.28227152,4.70588255,0,22,-,21.96078491,820,-,-,4429.452519,-,-,-,9,13.92362285,1.87373471,8.81236172,11.34745979,14.13000011,5.29303598,24.89367676,-,-,152,48,-,-,1.68981767,4.77349615,-0.7763772,-,12.80000019,78
28:39.7,-,152,6,160,-,-,-,-,3,-,-,-,-,-,-,-,-,-,-,-,-,-,-,-,-,-,-,-,-,-,-,-,-,-,-,-,-,-,37.28227152,4.70588255,0,22,-,21.96078491,820,-,-,4429.452519,-,-,-,9,13.92362285,1.87373471,8.81236172,11.34745979,14.13000011,5.29303598,24.89367676,-,-,152,48,-,-,1.68981767,4.77349615,-0.7763772,-,12.80000019,78
28:40.7,-,152,6,160,-,-,-,-,3,-,-,-,-,-,-,-,-,-,-,-,-,-,-,-,-,-,-,-,-,-,-,-,-,-,-,-,-,-,37.28227152,4.70588255,0,22,-,21.96078491,820,-,-,4429.452519,-,-,-,9,13.92362285,1.87373471,8.81236172,11.34745979,14.13000011,5.29303598,24.89367676,-,-,152,48,-,-,1.68981767,4.77349615,-0.7763772,-,12.80000019,78
28:41.7,-,152,6,160,-,-,-,-,3,-,-,-,-,-,-,-,-,-,-,-,-,-,-,-,-,-,-,-,-,-,-,-,-,-,-,-,-,-,37.28227152,4.70588255,0,22,-,21.96078491,820,-,-,4429.452519,-,-,-,9,13.92362285,1.87373471,8.81236172,11.34745979,14.13000011,5.29303598,24.89367676,-,-,152,48,-,-,1.68981767,4.77349615,-0.7763772,-,12.80000019,78
28:42.7,-,152,6,160,-,-,-,-,3,-,-,-,-,-,-,-,-,-,-,-,-,-,-,-,-,-,-,-,-,-,-,-,-,-,-,-,-,-,37.28227152,4.70588255,0,22,0.01782263,21.96078491,820,-,-,4429.452519,-,-,0.02390054,9,13.92362285,1.87373471,8.81236172,11.34745979,14.13000011,5.29303598,24.89367676,-,-,152,48,-,-,1.68981767,4.77349615,-0.7763772,-,12.80000019,78
28:43.7,-,152,6,160,-,-,-,-,3,-,-,-,-,-,-,-,-,-,-,-,-,-,-,-,-,-,-,-,-,-,-,-,-,-,-,-,-,-,37.28227152,4.70588255,0,22,0.01782263,21.96078491,820,-,-,4429.452519,-,-,0.02390054,9,13.92362285,1.87373471,8.81236172,11.34745979,14.13000011,5.29303598,24.89367676,-,-,152,48,-,-,1.68981767,4.77349615,-0.7763772,-,12.80000019,78
28:44.7,-,152,6,160,-,-,-,-,3,-,-,-,-,-,-,-,-,-,-,-,-,-,-,-,-,-,-,-,-,-,-,-,-,-,-,-,-,-,37.28227152,4.70588255,0,22,0.01782263,21.96078491,818,-,-,4429.452519,-,-,0.02390054,9,13.92362285,1.80654311,8.79976082,11.3637085,13.85999966,5.10322905,24.85808182,-,-,152,48,-,-,1.72872615,4.88340712,-0.7763772,-,12.80000019,78
28:45.7,-,152,6,160,-,-,-,-,3,-,-,-,-,-,-,-,-,-,-,-,-,-,-,-,-,-,-,-,-,-,-,-,-,-,-,-,-,-,37.28227152,4.70588255,0,22,0.01782263,21.96078491,818,-,-,4588.99403,-,-,0.02390054,9,13.92362285,1.80654311,8.79976082,11.3637085,13.85999966,5.10322905,24.85808182,-,-,152,48,-,-,1.72872615,4.88340712,-0.7763772,-,12.39999962,78
28:46.7,-,152,6,160,-,-,-,-,3,-,-,-,-,-,-,-,-,-,-,-,-,-,-,-,-,-,-,-,-,-,-,-,-,-,-,-,-,-,37.28227152,4.70588255,0,22,0.01782263,21.96078491,818,-,-,4588.99403,-,-,0.02390054,9,13.92362285,1.80654311,8.79976082,11.3637085,13.85999966,5.10322905,24.85808182,-,-,152,48,-,-,1.72872615,4.88340712,-0.7763772,-,12.39999962,78
28:47.7,-,152,6,160,-,-,-,-,3,-,-,-,-,-,-,-,-,-,-,-,-,-,-,-,-,-,-,-,-,-,-,-,-,-,-,-,-,-,37.28227152,4.70588255,0,22,0.01782263,21.96078491,818,-,-,4588.99403,-,-,0.02390054,9,13.92362285,1.80654311,8.79976082,11.3637085,13.85999966,5.10322905,24.85808182,-,-,152,48,-,-,1.72872615,4.88340712,-0.7763772,-,12.39999962,78
28:48.7,-,152,6,160,-,-,-,-,3,-,-,-,-,-,-,-,-,-,-,-,-,-,-,-,-,-,-,-,-,-,-,-,-,-,-,-,-,-,37.28227152,4.70588255,0,22,0.01782263,21.96078491,818,-,-,4588.99403,-,-,0.02390054,9,13.92362285,1.80654311,8.79976082,11.3637085,13.85999966,5.10322905,24.85808182,-,-,152,48,-,-,1.72872615,4.88340712,-0.7763772,-,12.39999962,78
28:49.7,-,152,6,160,-,-,-,-,3,-,-,-,-,-,-,-,-,-,-,-,-,-,-,-,-,-,-,-,-,-,-,-,-,-,-,-,-,-,37.28227152,4.70588255,0,22,0.01782263,21.96078491,818,-,-,4588.99403,-,-,0.02390054,9,13.92362285,1.80654311,8.79976082,11.3637085,13.85999966,5.10322905,24.85808182,-,-,152,48,-,-,1.72872615,4.88340712,-0.7763772,-,12.39999962,78
28:50.7,-,152,6,160,-,-,-,-,3,-,-,-,-,-,-,-,-,-,-,-,-,-,-,-,-,-,-,-,-,-,-,-,-,-,-,-,-,-,37.28227152,4.70588255,0,22,0.01782263,21.96078491,818,-,-,4588.99403,-,-,0.02390054,9,13.92362285,1.80654311,8.79976082,11.3637085,13.85999966,5.10322905,24.85808182,-,-,152,48,-,-,1.72872615,4.88340712,-0.7763772,-,12.39999962,78
28:51.7,-,152,6,160,-,-,-,-,3,-,-,-,-,-,-,-,-,-,-,-,-,-,-,-,-,-,-,-,-,-,-,-,-,-,-,-,-,-,37.28227152,4.70588255,0,22,-,21.96078491,818,-,-,4588.99403,-,-,-,9,13.92362285,1.80654311,8.79976082,11.3637085,13.85999966,5.10322905,24.85808182,-,-,152,48,-,-,1.72872615,4.88340712,-0.7763772,-,12.39999962,78
28:52.7,-,152,6,160,-,-,-,-,3,-,-,-,-,-,-,-,-,-,-,-,-,-,-,-,-,-,-,-,-,-,-,-,-,-,-,-,-,-,37.28227152,4.70588255,0,22,-,21.96078491,818,-,-,4588.99403,-,-,-,9,13.92362285,1.80654311,8.79976082,11.3637085,13.85999966,5.10322905,24.85808182,-,-,152,48,-,-,1.72872615,4.88340712,-0.7763772,-,12.39999962,78
28:53.7,-,152,6,160,-,-,-,-,3,-,-,-,-,-,-,-,-,-,-,-,-,-,-,-,-,-,-,-,-,-,-,-,-,-,-,-,-,-,37.28227152,4.70588255,0,22,-,21.96078491,818,-,-,4588.99403,-,-,-,9,13.92362285,1.80654311,8.79976082,11.3637085,13.85999966,5.10322905,24.85808182,-,-,152,48,-,-,1.72872615,4.88340712,-0.7763772,-,12.39999962,78
28:54.7,-,152,6,160,-,-,-,-,3,-,-,-,-,-,-,-,-,-,-,-,-,-,-,-,-,-,-,-,-,-,-,-,-,-,-,-,-,-,37.28227152,4.70588255,0,23,0.0225056,21.96078491,818,-,-,4588.99403,-,-,0.03018051,9,13.92362285,1.80654311,8.79976082,11.3637085,13.85999966,5.10322905,24.85808182,-,-,152,48,-,-,1.72872615,4.88340712,-0.7763772,-,12.39999962,78
28:55.7,-,152,6,160,-,-,-,-,3,-,-,-,-,-,-,-,-,-,-,-,-,-,-,-,-,-,-,-,-,-,-,-,-,-,-,-,-,-,37.28227152,4.70588255,0,23,0.0225056,22.35294151,821,-,-,4588.99403,-,-,0.03018051,9,13.92362285,2.80272007,8.78899479,11.37762928,14.22000027,7.9172883,24.82766724,-,-,152,48,-,-,1.99722457,5.64187765,-0.7763772,-,12.39999962,78
28:56.7,-,152,6,160,-,-,-,-,3,-,-,-,-,-,-,-,-,-,-,-,-,-,-,-,-,-,-,-,-,-,-,-,-,-,-,-,-,-,37.28227152,4.70588255,0,23,0.0225056,22.35294151,821,-,-,4588.99403,-,-,0.03018051,9,13.92362285,2.80272007,8.78899479,11.37762928,14.22000027,7.9172883,24.82766724,-,-,152,48,-,-,1.99722457,5.64187765,-0.7763772,-,12.80000019,78
28:57.7,-,152,6,160,-,-,-,-,3,-,-,-,-,-,-,-,-,-,-,-,-,-,-,-,-,-,-,-,-,-,-,-,-,-,-,-,-,-,37.28227152,4.70588255,0,23,0.0225056,22.35294151,821,-,-,4588.99403,-,-,0.03018051,9,13.92362285,2.80272007,8.78899479,11.37762928,14.22000027,7.9172883,24.82766724,-,-,152,48,-,-,1.99722457,5.64187765,-0.7763772,-,12.80000019,78
28:58.7,-,152,6,160,-,-,-,-,3,-,-,-,-,-,-,-,-,-,-,-,-,-,-,-,-,-,-,-,-,-,-,-,-,-,-,-,-,-,37.28227152,4.70588255,0,23,0.0225056,22.35294151,821,-,-,4588.99403,-,-,0.03018051,9,13.92362285,2.80272007,8.78899479,11.37762928,14.22000027,7.9172883,24.82766724,-,-,152,48,-,-,1.99722457,5.64187765,-0.7763772,-,12.80000019,78
28:59.7,-,152,6,160,-,-,-,-,3,-,-,-,-,-,-,-,-,-,-,-,-,-,-,-,-,-,-,-,-,-,-,-,-,-,-,-,-,-,37.28227152,4.70588255,0,23,0.0225056,22.35294151,821,-,-,4588.99403,-,-,0.03018051,9,13.92362285,2.80272007,8.78899479,11.37762928,14.22000027,7.9172883,24.82766724,-,-,152,48,-,-,1.99722457,5.64187765,-0.7763772,-,12.80000019,78
29:00.7,-,152,6,160,-,-,-,-,3,-,-,-,-,-,-,-,-,-,-,-,-,-,-,-,-,-,-,-,-,-,-,-,-,-,-,-,-,-,37.28227152,4.70588255,0,23,-,22.35294151,821,-,-,4588.99403,-,-,-,9,13.92362285,2.80272007,8.78899479,11.37762928,14.22000027,7.9172883,24.82766724,-,-,152,48,-,-,1.99722457,5.64187765,-0.7763772,-,12.80000019,78
29:01.7,-,152,6,160,-,-,-,-,3,-,-,-,-,-,-,-,-,-,-,-,-,-,-,-,-,-,-,-,-,-,-,-,-,-,-,-,-,-,37.28227152,4.70588255,0,23,0.00496856,22.35294151,821,-,-,4588.99403,-,-,0.00666295,9,13.92362285,2.80272007,8.78899479,11.37762928,14.22000027,7.9172883,24.82766724,-,-,152,48,-,-,1.99722457,5.64187765,-0.7763772,-,12.80000019,78
29:02.7,-,152,6,160,-,-,-,-,3,-,-,-,-,-,-,-,-,-,-,-,-,-,-,-,-,-,-,-,-,-,-,-,-,-,-,-,-,-,37.28227152,4.70588255,0,23,0.001189,22.35294151,821,-,-,4588.99403,-,-,0.00159448,9,13.92362285,2.80272007,8.78899479,11.37762928,14.22000027,7.9172883,24.82766724,-,-,152,48,-,-,1.99722457,5.64187765,-0.7763772,-,12.80000019,78
29:03.7,-,152,6,160,-,-,-,-,3,-,-,-,-,-,-,-,-,-,-,-,-,-,-,-,-,-,-,-,-,-,-,-,-,-,-,-,-,-,37.28227152,4.70588255,0,23,0.001189,22.35294151,821,-,-,4588.99403,-,-,0.00159448,9,13.92362285,2.80272007,8.78899479,11.37762928,14.22000027,7.9172883,24.82766724,-,-,152,48,-,-,1.99722457,5.64187765,-0.7763772,-,12.80000019,78
29:04.7,-,152,6,160,-,-,-,-,3,-,-,-,-,-,-,-,-,-,-,-,-,-,-,-,-,-,-,-,-,-,-,-,-,-,-,-,-,-,37.28227152,4.70588255,0,23,0.001189,22.35294151,821,-,-,4588.99403,-,-,0.00159448,9,13.92362285,2.80272007,8.78899479,11.37762928,14.22000027,7.9172883,24.82766724,-,-,152,48,-,-,1.99722457,5.64187765,-0.7763772,-,12.80000019,78
29:05.7,-,152,6,160,-,-,-,-,3,-,-,-,-,-,-,-,-,-,-,-,-,-,-,-,-,-,-,-,-,-,-,-,-,-,-,-,-,-,37.28227152,4.70588255,0,23,0.001189,22.35294151,821,-,-,4588.99403,-,-,0.00159448,9,13.92362285,2.80272007,8.78899479,11.37762928,14.22000027,7.9172883,24.82766724,-,-,152,48,-,-,1.99722457,5.64187765,-0.7763772,-,12.80000019,78
29:06.7,-,152,6,160,-,-,-,-,3,-,-,-,-,-,-,-,-,-,-,-,-,-,-,-,-,-,-,-,-,-,-,-,-,-,-,-,-,-,37.28227152,4.70588255,0,23,-,21.56862831,823,-,-,4588.99403,-,-,-,9,13.92362285,0,8.78824425,11.37860012,14.22000027,0,24.82554817,-,-,152,48,-,-,1.97820342,5.58814526,-0.7763772,-,12.80000019,78
29:07.7,-,152,6,160,-,-,-,-,3,-,-,-,-,-,-,-,-,-,-,-,-,-,-,-,-,-,-,-,-,-,-,-,-,-,-,-,-,-,37.28227152,4.70588255,0,23,-,21.56862831,823,-,-,4588.99403,-,-,-,9,13.92362285,0,8.78824425,11.37860012,14.22000027,0,24.82554817,-,-,152,48,-,-,1.97820342,5.58814526,-0.7763772,-,12.80000019,78
29:08.7,-,152,6,160,-,-,-,-,3,-,-,-,-,-,-,-,-,-,-,-,-,-,-,-,-,-,-,-,-,-,-,-,-,-,-,-,-,-,37.28227152,4.70588255,0,23,-,21.56862831,823,-,-,4620.902333,-,-,-,9,13.92362285,0,8.78824425,11.37860012,14.22000027,0,24.82554817,-,-,152,48,-,-,1.97820342,5.58814526,-0.7763772,-,12.80000019,78
29:09.7,-,152,6,160,-,-,-,-,3,-,-,-,-,-,-,-,-,-,-,-,-,-,-,-,-,-,-,-,-,-,-,-,-,-,-,-,-,-,37.28227152,4.70588255,0,23,-,21.56862831,823,-,-,4620.902333,-,-,-,9,13.92362285,0,8.78824425,11.37860012,14.22000027,0,24.82554817,-,-,152,48,-,-,1.97820342,5.58814526,-0.7763772,-,12.80000019,78
29:10.7,-,152,6,160,-,-,-,-,3,-,-,-,-,-,-,-,-,-,-,-,-,-,-,-,-,-,-,-,-,-,-,-,-,-,-,-,-,-,37.28227152,4.70588255,0,23,-,21.56862831,823,-,-,4620.902333,-,-,-,9,13.92362285,0,8.78824425,11.37860012,14.22000027,0,24.82554817,-,-,152,48,-,-,1.97820342,5.58814526,-0.7763772,-,12.80000019,78
29:11.7,-,152,6,160,-,-,-,-,3,-,-,-,-,-,-,-,-,-,-,-,-,-,-,-,-,-,-,-,-,-,-,-,-,-,-,-,-,-,37.28227152,4.70588255,0,23,-,21.56862831,823,-,-,4620.902333,-,-,-,9,13.92362285,0,8.78824425,11.37860012,14.22000027,0,24.82554817,-,-,152,48,-,-,1.97820342,5.58814526,-0.7763772,-,12.80000019,78
29:12.7,-,152,6,160,-,-,-,-,3,-,-,-,-,-,-,-,-,-,-,-,-,-,-,-,-,-,-,-,-,-,-,-,-,-,-,-,-,-,37.28227152,4.70588255,0,23,-,21.56862831,823,-,-,4620.902333,-,-,-,9,13.92362285,0,8.78824425,11.37860012,14.22000027,0,24.82554817,-,-,152,48,-,-,1.97820342,5.58814526,-0.7763772,-,12.80000019,78
29:13.7,-,152,6,160,-,-,-,-,3,-,-,-,-,-,-,-,-,-,-,-,-,-,-,-,-,-,-,-,-,-,-,-,-,-,-,-,-,-,37.28227152,4.70588255,0,23,-,21.56862831,823,-,-,4620.902333,-,-,-,9,13.92362285,0,8.78824425,11.37860012,14.22000027,0,24.82554817,-,-,152,48,-,-,1.97820342,5.58814526,-0.7763772,-,12.80000019,78
29:14.7,-,152,6,160,-,-,-,-,3,-,-,-,-,-,-,-,-,-,-,-,-,-,-,-,-,-,-,-,-,-,-,-,-,-,-,-,-,-,37.28227152,4.70588255,0,23,-,21.56862831,823,-,-,4620.902333,-,-,-,9,13.92362285,0,8.78824425,11.37860012,14.22000027,0,24.82554817,-,-,152,48,-,-,1.97820342,5.58814526,-0.7763772,-,12.80000019,78
29:15.7,-,152,6,160,-,-,-,-,3,-,-,-,-,-,-,-,-,-,-,-,-,-,-,-,-,-,-,-,-,-,-,-,-,-,-,-,-,-,37.28227152,4.70588255,0,23,-,21.56862831,823,-,-,4620.902333,-,-,-,9,13.92362285,0,8.78824425,11.37860012,14.22000027,0,24.82554817,-,-,152,48,-,-,1.97820342,5.58814526,-0.7763772,-,12.80000019,78
29:16.7,-,152,6,160,-,-,-,-,3,-,-,-,-,-,-,-,-,-,-,-,-,-,-,-,-,-,-,-,-,-,-,-,-,-,-,-,-,-,37.28227152,4.70588255,0,23,-,21.56862831,823,-,-,4620.902333,-,-,-,9,13.92362285,0,8.78824425,11.37860012,14.22000027,0,24.82554817,-,-,152,48,-,-,1.97820342,5.58814526,-0.7763772,-,12.80000019,78
29:17.7,-,152,6,160,-,-,-,-,3,-,-,-,-,-,-,-,-,-,-,-,-,-,-,-,-,-,-,-,-,-,-,-,-,-,-,-,-,-,37.28227152,4.70588255,0,23,-,21.56862831,823,-,-,4620.902333,-,-,-,9,13.92362285,0,8.78824425,11.37860012,14.22000027,0,24.82554817,-,-,152,48,-,-,1.97820342,5.58814526,-0.7763772,-,12.80000019,78
29:18.7,-,152,6,160,-,-,-,-,3,-,-,-,-,-,-,-,-,-,-,-,-,-,-,-,-,-,-,-,-,-,-,-,-,-,-,-,-,-,37.28227152,4.70588255,0,24,-,21.56862831,823,-,-,4620.902333,-,-,-,9,13.92362285,0,8.78824425,11.37860012,14.22000027,0,24.82554817,-,-,152,48,-,-,1.97820342,5.58814526,-0.7763772,-,12.80000019,78
29:19.7,-,152,6,160,-,-,-,-,3,-,-,-,-,-,-,-,-,-,-,-,-,-,-,-,-,-,-,-,-,-,-,-,-,-,-,-,-,-,37.28227152,4.70588255,0,24,-,21.56862831,815,-,-,4620.902333,-,-,-,9,13.92362285,0,8.78749561,11.37957001,14.38000011,0,24.82343483,-,-,152,48,-,-,1.96250343,5.54379511,-0.7763772,-,12.80000019,79
29:20.7,-,152,6,160,-,-,-,-,3,-,-,-,-,-,-,-,-,-,-,-,-,-,-,-,-,-,-,-,-,-,-,-,-,-,-,-,-,-,37.28227152,4.70588255,0,24,-,21.56862831,815,-,-,4333.727611,-,-,-,9,13.92362285,0,8.78749561,11.37957001,14.38000011,0,24.82343483,-,-,152,48,-,-,1.96250343,5.54379511,-0.7763772,-,12.69999981,79
29:21.7,-,152,6,160,-,-,-,-,3,-,-,-,-,-,-,-,-,-,-,-,-,-,-,-,-,-,-,-,-,-,-,-,-,-,-,-,-,-,37.28227152,4.70588255,0,24,-,21.56862831,815,-,-,4333.727611,-,-,-,9,13.92362285,0,8.78749561,11.37957001,14.38000011,0,24.82343483,-,-,152,48,-,-,1.96250343,5.54379511,-0.7763772,-,12.69999981,79
29:22.7,-,152,6,160,-,-,-,-,3,-,-,-,-,-,-,-,-,-,-,-,-,-,-,-,-,-,-,-,-,-,-,-,-,-,-,-,-,-,37.28227152,4.70588255,0,24,-,21.56862831,815,-,-,4333.727611,-,-,-,9,13.92362285,0,8.78749561,11.37957001,14.38000011,0,24.82343483,-,-,152,48,-,-,1.96250343,5.54379511,-0.7763772,-,12.69999981,79
29:23.7,-,152,6,160,-,-,-,-,3,-,-,-,-,-,-,-,-,-,-,-,-,-,-,-,-,-,-,-,-,-,-,-,-,-,-,-,-,-,37.28227152,4.70588255,0,24,-,21.56862831,815,-,-,4333.727611,-,-,-,9,13.92362285,0,8.78749561,11.37957001,14.38000011,0,24.82343483,-,-,152,48,-,-,1.96250343,5.54379511,-0.7763772,-,12.69999981,79
29:24.7,-,152,6,160,-,-,-,-,3,-,-,-,-,-,-,-,-,-,-,-,-,-,-,-,-,-,-,-,-,-,-,-,-,-,-,-,-,-,37.28227152,4.70588255,0,24,-,21.56862831,815,-,-,4333.727611,-,-,-,9,13.92362285,0,8.78749561,11.37957001,14.38000011,0,24.82343483,-,-,152,48,-,-,1.96250343,5.54379511,-0.7763772,-,12.69999981,79
29:25.7,-,152,6,160,-,-,-,-,3,-,-,-,-,-,-,-,-,-,-,-,-,-,-,-,-,-,-,-,-,-,-,-,-,-,-,-,-,-,37.28227152,4.70588255,0,24,-,21.56862831,815,-,-,4333.727611,-,-,-,9,13.92362285,0,8.78749561,11.37957001,14.38000011,0,24.82343483,-,-,152,48,-,-,1.96250343,5.54379511,-0.7763772,-,12.69999981,79
29:26.7,-,152,6,160,-,-,-,-,3,-,-,-,-,-,-,-,-,-,-,-,-,-,-,-,-,-,-,-,-,-,-,-,-,-,-,-,-,-,37.28227152,4.70588255,0,24,-,21.56862831,815,-,-,4333.727611,-,-,-,9,13.92362285,0,8.78749561,11.37957001,14.38000011,0,24.82343483,-,-,152,48,-,-,1.96250343,5.54379511,-0.7763772,-,12.69999981,79
29:27.7,-,152,6,160,-,-,-,-,3,-,-,-,-,-,-,-,-,-,-,-,-,-,-,-,-,-,-,-,-,-,-,-,-,-,-,-,-,-,37.28227152,4.70588255,0,24,-,21.56862831,815,-,-,4333.727611,-,-,-,9,13.92362285,0,8.78749561,11.37957001,14.38000011,0,24.82343483,-,-,152,48,-,-,1.96250343,5.54379511,-0.7763772,-,12.69999981,79
29:28.7,-,152,6,160,-,-,-,-,3,-,-,-,-,-,-,-,-,-,-,-,-,-,-,-,-,-,-,-,-,-,-,-,-,-,-,-,-,-,37.28227152,4.70588255,0,24,-,21.56862831,815,-,-,4333.727611,-,-,-,9,13.92362285,0,8.78749561,11.37957001,14.38000011,0,24.82343483,-,-,152,48,-,-,1.96250343,5.54379511,-0.7763772,-,12.69999981,79
29:29.7,-,152,6,160,-,-,-,-,3,-,-,-,-,-,-,-,-,-,-,-,-,-,-,-,-,-,-,-,-,-,-,-,-,-,-,-,-,-,37.28227152,4.70588255,0,24,-,21.1764698,822,-,-,4333.727611,-,-,-,9,13.92362285,0,8.78674889,11.38053703,14.10999966,0,24.82132339,-,-,152,48,-,-,1.94915307,5.50608206,-0.7763772,-,12.69999981,79
29:30.7,-,152,6,160,-,-,-,-,3,-,-,-,-,-,-,-,-,-,-,-,-,-,-,-,-,-,-,-,-,-,-,-,-,-,-,-,-,-,37.28227152,4.70588255,0,24,-,21.1764698,822,-,-,4333.727611,-,-,-,9,13.92362285,0,8.78674889,11.38053703,14.10999966,0,24.82132339,-,-,152,48,-,-,1.94915307,5.50608206,-0.7763772,-,12.69999981,79
29:31.7,-,152,6,160,-,-,-,-,3,-,-,-,-,-,-,-,-,-,-,-,-,-,-,-,-,-,-,-,-,-,-,-,-,-,-,-,-,-,37.28227152,4.70588255,0,24,-,21.1764698,822,-,-,4333.727611,-,-,-,9,13.92362285,0,8.78674889,11.38053703,14.10999966,0,24.82132339,-,-,152,48,-,-,1.94915307,5.50608206,-0.7763772,-,12.69999981,79
29:32.7,-,152,6,160,-,-,-,-,3,-,-,-,-,-,-,-,-,-,-,-,-,-,-,-,-,-,-,-,-,-,-,-,-,-,-,-,-,-,37.28227152,4.70588255,0,24,-,21.1764698,822,-,-,4333.727611,-,-,-,9,13.92362285,0,8.78674889,11.38053703,14.10999966,0,24.82132339,-,-,152,48,-,-,1.94915307,5.50608206,-0.7763772,-,12.80000019,79
29:33.7,-,152,6,160,-,-,-,-,3,-,-,-,-,-,-,-,-,-,-,-,-,-,-,-,-,-,-,-,-,-,-,-,-,-,-,-,-,-,37.28227152,4.70588255,0,24,-,21.1764698,822,-,-,4652.810635,-,-,-,9,13.92362285,0,8.78674889,11.38053703,14.10999966,0,24.82132339,-,-,152,48,-,-,1.94915307,5.50608206,-0.7763772,-,12.80000019,79
29:34.7,-,152,6,160,-,-,-,-,3,-,-,-,-,-,-,-,-,-,-,-,-,-,-,-,-,-,-,-,-,-,-,-,-,-,-,-,-,-,37.28227152,4.70588255,0,24,-,21.1764698,822,-,-,4652.810635,-,-,-,9,13.92362285,0,8.78674889,11.38053703,14.10999966,0,24.82132339,-,-,152,48,-,-,1.94915307,5.50608206,-0.7763772,-,12.80000019,79
29:35.7,-,152,6,160,-,-,-,-,3,-,-,-,-,-,-,-,-,-,-,-,-,-,-,-,-,-,-,-,-,-,-,-,-,-,-,-,-,-,37.28227152,4.70588255,0,24,-,21.1764698,822,-,-,4652.810635,-,-,-,9,13.92362285,0,8.78674889,11.38053703,14.10999966,0,24.82132339,-,-,152,48,-,-,1.94915307,5.50608206,-0.7763772,-,12.80000019,79
29:36.7,-,152,6,160,-,-,-,-,3,-,-,-,-,-,-,-,-,-,-,-,-,-,-,-,-,-,-,-,-,-,-,-,-,-,-,-,-,-,37.28227152,4.70588255,0,24,-,21.1764698,822,-,-,4652.810635,-,-,-,9,13.92362285,0,8.78674889,11.38053703,14.10999966,0,24.82132339,-,-,152,48,-,-,1.94915307,5.50608206,-0.7763772,-,12.80000019,79
29:37.7,-,152,6,160,-,-,-,-,3,-,-,-,-,-,-,-,-,-,-,-,-,-,-,-,-,-,-,-,-,-,-,-,-,-,-,-,-,-,37.28227152,4.70588255,0,24,-,21.1764698,822,-,-,4652.810635,-,-,-,9,13.92362285,0,8.78674889,11.38053703,14.10999966,0,24.82132339,-,-,152,48,-,-,1.94915307,5.50608206,-0.7763772,-,12.80000019,79
29:38.7,-,152,6,160,-,-,-,-,3,-,-,-,-,-,-,-,-,-,-,-,-,-,-,-,-,-,-,-,-,-,-,-,-,-,-,-,-,-,37.28227152,4.70588255,0,24,-,21.1764698,822,-,-,4652.810635,-,-,-,9,13.92362285,0,8.78674889,11.38053703,14.10999966,0,24.82132339,-,-,152,48,-,-,1.94915307,5.50608206,-0.7763772,-,12.80000019,79
29:39.7,-,152,6,160,-,-,-,-,3,-,-,-,-,-,-,-,-,-,-,-,-,-,-,-,-,-,-,-,-,-,-,-,-,-,-,-,-,-,37.28227152,4.70588255,0,24,-,21.1764698,822,-,-,4652.810635,-,-,-,9,13.92362285,0,8.78674889,11.38053703,14.10999966,0,24.82132339,-,-,152,48,-,-,1.94915307,5.50608206,-0.7763772,-,12.80000019,79
29:40.7,-,152,6,160,-,-,-,-,3,-,-,-,-,-,-,-,-,-,-,-,-,-,-,-,-,-,-,-,-,-,-,-,-,-,-,-,-,-,37.28227152,4.70588255,0,24,-,21.1764698,822,-,-,4652.810635,-,-,-,9,13.92362285,0,8.78674889,11.38053703,14.10999966,0,24.82132339,-,-,152,48,-,-,1.94915307,5.50608206,-0.7763772,-,12.80000019,79
29:41.7,-,152,6,160,-,-,-,-,3,-,-,-,-,-,-,-,-,-,-,-,-,-,-,-,-,-,-,-,-,-,-,-,-,-,-,-,-,-,37.28227152,4.70588255,0,24,-,21.1764698,822,-,-,4652.810635,-,-,-,9,13.92362285,0,8.78674889,11.38053703,14.10999966,0,24.82132339,-,-,152,48,-,-,1.94915307,5.50608206,-0.7763772,-,12.80000019,79
29:42.7,-,152,6,160,-,-,-,-,3,-,-,-,-,-,-,-,-,-,-,-,-,-,-,-,-,-,-,-,-,-,-,-,-,-,-,-,-,-,37.28227152,4.70588255,0,25,0.14791727,21.1764698,821,-,-,4652.810635,-,-,0.19836032,9,13.92362285,0,8.78600216,11.38150406,14.18999958,0,24.81921577,-,-,152,48,-,-,1.9375509,5.47330761,-0.7763772,-,12.80000019,79
29:43.7,-,152,6,160,-,-,-,-,3,-,-,-,-,-,-,-,-,-,-,-,-,-,-,-,-,-,-,-,-,-,-,-,-,-,-,-,-,-,37.28227152,4.70588255,0,25,0.14791727,21.56862831,821,-,-,4652.810635,-,-,0.19836032,9,13.92362285,0,8.78600216,11.38150406,14.18999958,0,24.81921577,-,-,152,48,-,-,1.9375509,5.47330761,-0.7763772,-,12.80000019,79
29:44.7,-,152,6,160,-,-,-,-,3,-,-,-,-,-,-,-,-,-,-,-,-,-,-,-,-,-,-,-,-,-,-,-,-,-,-,-,-,-,37.28227152,4.70588255,0,25,0.14791727,21.56862831,821,-,-,4652.810635,-,-,0.19836032,9,13.92362285,0,8.78600216,11.38150406,14.18999958,0,24.81921577,-,-,152,48,-,-,1.9375509,5.47330761,-0.7763772,-,12.80000019,79
29:45.7,-,152,6,160,-,-,-,-,3,-,-,-,-,-,-,-,-,-,-,-,-,-,-,-,-,-,-,-,-,-,-,-,-,-,-,-,-,-,37.28227152,4.70588255,0,25,0.14791727,21.56862831,821,-,-,4684.718937,-,-,0.19836032,9,13.92362285,0,8.78600216,11.38150406,14.18999958,0,24.81921577,-,-,152,48,-,-,1.9375509,5.47330761,-0.7763772,-,12.80000019,79
29:46.7,-,152,6,160,-,-,-,-,3,-,-,-,-,-,-,-,-,-,-,-,-,-,-,-,-,-,-,-,-,-,-,-,-,-,-,-,-,-,37.28227152,4.70588255,0,25,0.14791727,21.56862831,821,-,-,4684.718937,-,-,0.19836032,9,13.92362285,0,8.78600216,11.38150406,14.18999958,0,24.81921577,-,-,152,48,-,-,1.9375509,5.47330761,-0.7763772,-,12.80000019,79
29:47.7,-,152,6,160,-,-,-,-,3,-,-,-,-,-,-,-,-,-,-,-,-,-,-,-,-,-,-,-,-,-,-,-,-,-,-,-,-,-,37.28227152,4.70588255,0,25,0.14791727,21.56862831,821,-,-,4684.718937,-,-,0.19836032,9,13.92362285,0,8.78600216,11.38150406,14.18999958,0,24.81921577,-,-,152,48,-,-,1.9375509,5.47330761,-0.7763772,-,12.80000019,79
29:48.7,-,152,6,160,-,-,-,-,3,-,-,-,-,-,-,-,-,-,-,-,-,-,-,-,-,-,-,-,-,-,-,-,-,-,-,-,-,-,37.28227152,4.70588255,0,25,0.14791727,21.56862831,821,-,-,4684.718937,-,-,0.19836032,9,13.92362285,0,8.78600216,11.38150406,14.18999958,0,24.81921577,-,-,152,48,-,-,1.9375509,5.47330761,-0.7763772,-,12.80000019,79
29:49.7,-,152,6,160,-,-,-,-,3,-,-,-,-,-,-,-,-,-,-,-,-,-,-,-,-,-,-,-,-,-,-,-,-,-,-,-,-,-,37.28227152,4.70588255,0,25,-,21.56862831,821,-,-,4684.718937,-,-,-,9,13.92362285,0,8.78600216,11.38150406,14.18999958,0,24.81921577,-,-,152,48,-,-,1.9375509,5.47330761,-0.7763772,-,12.80000019,79
29:50.7,-,152,6,160,-,-,-,-,3,-,-,-,-,-,-,-,-,-,-,-,-,-,-,-,-,-,-,-,-,-,-,-,-,-,-,-,-,-,37.28227152,4.70588255,0,25,-,21.56862831,821,-,-,4684.718937,-,-,-,9,13.92362285,0,8.78600216,11.38150406,14.18999958,0,24.81921577,-,-,152,48,-,-,1.9375509,5.47330761,-0.7763772,-,12.80000019,79
29:51.7,-,152,6,160,-,-,-,-,3,-,-,-,-,-,-,-,-,-,-,-,-,-,-,-,-,-,-,-,-,-,-,-,-,-,-,-,-,-,37.28227152,4.70588255,0,25,-,21.56862831,821,-,-,4684.718937,-,-,-,9,13.92362285,0,8.78600216,11.38150406,14.18999958,0,24.81921577,-,-,152,48,-,-,1.9375509,5.47330761,-0.7763772,-,12.80000019,79
29:52.7,-,152,6,160,-,-,-,-,3,-,-,-,-,-,-,-,-,-,-,-,-,-,-,-,-,-,-,-,-,-,-,-,-,-,-,-,-,-,37.28227152,4.70588255,0,25,-,21.56862831,821,-,-,4684.718937,-,-,-,9,13.92362285,0,8.78600216,11.38150406,14.18999958,0,24.81921577,-,-,152,48,-,-,1.9375509,5.47330761,-0.7763772,-,12.80000019,79
29:53.7,-,152,6,160,-,-,-,-,3,-,-,-,-,-,-,-,-,-,-,-,-,-,-,-,-,-,-,-,-,-,-,-,-,-,-,-,-,-,37.28227152,4.70588255,0,25,-,21.56862831,821,-,-,4684.718937,-,-,-,9,13.92362285,0,8.78600216,11.38150406,14.18999958,0,24.81921577,-,-,152,48,-,-,1.9375509,5.47330761,-0.7763772,-,12.80000019,79
29:54.7,-,152,6,160,-,-,-,-,3,-,-,-,-,-,-,-,-,-,-,-,-,-,-,-,-,-,-,-,-,-,-,-,-,-,-,-,-,-,37.28227152,4.70588255,0,25,-,21.56862831,821,-,-,4684.718937,-,-,-,9,13.92362285,0,8.78600216,11.38150406,14.18999958,0,24.81921577,-,-,152,48,-,-,1.9375509,5.47330761,-0.7763772,-,12.80000019,79
29:55.7,-,152,6,160,-,-,-,-,3,-,-,-,-,-,-,-,-,-,-,-,-,-,-,-,-,-,-,-,-,-,-,-,-,-,-,-,-,-,37.28227152,4.70588255,0,25,-,21.56862831,818,-,-,4684.718937,-,-,-,9,13.92362285,0,8.78525829,11.38246822,13.72000027,0,24.81711388,-,-,152,48,-,-,1.92729938,5.44434834,-0.7763772,-,12.80000019,78
29:56.7,-,152,6,160,-,-,-,-,3,-,-,-,-,-,-,-,-,-,-,-,-,-,-,-,-,-,-,-,-,-,-,-,-,-,-,-,-,-,37.28227152,4.70588255,0,25,-,21.56862831,818,-,-,4684.718937,-,-,-,9,13.92362285,0,8.78525829,11.38246822,13.72000027,0,24.81711388,-,-,152,48,-,-,1.92729938,5.44434834,-0.7763772,-,12.80000019,78
29:57.7,-,152,6,160,-,-,-,-,3,-,-,-,-,-,-,-,-,-,-,-,-,-,-,-,-,-,-,-,-,-,-,-,-,-,-,-,-,-,37.28227152,4.70588255,0,25,-,21.56862831,818,-,-,4588.99403,-,-,-,9,13.92362285,0,8.78525829,11.38246822,13.72000027,0,24.81711388,-,-,152,48,-,-,1.92729938,5.44434834,-0.7763772,-,12.80000019,78
29:58.7,-,152,6,160,-,-,-,-,3,-,-,-,-,-,-,-,-,-,-,-,-,-,-,-,-,-,-,-,-,-,-,-,-,-,-,-,-,-,37.28227152,4.70588255,0,25,-,21.56862831,818,-,-,4588.99403,-,-,-,9,13.92362285,0,8.78525829,11.38246822,13.72000027,0,24.81711388,-,-,152,48,-,-,1.92729938,5.44434834,-0.7763772,-,12.80000019,78
29:59.7,-,152,6,160,-,-,-,-,3,-,-,-,-,-,-,-,-,-,-,-,-,-,-,-,-,-,-,-,-,-,-,-,-,-,-,-,-,-,37.28227152,4.70588255,0,25,-,21.56862831,818,-,-,4588.99403,-,-,-,9,13.92362285,0,8.78525829,11.38246822,13.72000027,0,24.81711388,-,-,152,48,-,-,1.92729938,5.44434834,-0.7763772,-,12.80000019,78
30:00.7,-,152,6,160,-,-,-,-,3,-,-,-,-,-,-,-,-,-,-,-,-,-,-,-,-,-,-,-,-,-,-,-,-,-,-,-,-,-,37.28227152,4.70588255,0,25,-,21.56862831,818,-,-,4588.99403,-,-,-,9,13.92362285,0,8.78525829,11.38246822,13.72000027,0,24.81711388,-,-,152,48,-,-,1.92729938,5.44434834,-0.7763772,-,12.80000019,78
30:01.7,-,152,6,160,-,-,-,-,3,-,-,-,-,-,-,-,-,-,-,-,-,-,-,-,-,-,-,-,-,-,-,-,-,-,-,-,-,-,37.28227152,4.70588255,0,25,-,21.56862831,818,-,-,4588.99403,-,-,-,9,13.92362285,0,8.78525829,11.38246822,13.72000027,0,24.81711388,-,-,152,48,-,-,1.92729938,5.44434834,-0.7763772,-,12.80000019,78
30:02.7,-,152,6,160,-,-,-,-,3,-,-,-,-,-,-,-,-,-,-,-,-,-,-,-,-,-,-,-,-,-,-,-,-,-,-,-,-,-,37.28227152,4.70588255,0,25,-,21.56862831,818,-,-,4588.99403,-,-,-,9,13.92362285,0,8.78525829,11.38246822,13.72000027,0,24.81711388,-,-,152,48,-,-,1.92729938,5.44434834,-0.7763772,-,12.80000019,78
30:03.7,-,152,6,160,-,-,-,-,3,-,-,-,-,-,-,-,-,-,-,-,-,-,-,-,-,-,-,-,-,-,-,-,-,-,-,-,-,-,37.28227152,4.70588255,0,25,-,21.56862831,818,-,-,4588.99403,-,-,-,9,13.92362285,0,8.78525829,11.38246822,13.72000027,0,24.81711388,-,-,152,48,-,-,1.92729938,5.44434834,-0.7763772,-,12.80000019,78
30:04.7,-,152,6,160,-,-,-,-,3,-,-,-,-,-,-,-,-,-,-,-,-,-,-,-,-,-,-,-,-,-,-,-,-,-,-,-,-,-,37.28227152,4.70588255,0,26,-,21.56862831,818,-,-,4588.99403,-,-,-,9,13.92362285,0,8.78451538,11.38343048,13.80000019,0,24.81501389,-,-,152,48,-,-,1.9181217,5.41842318,-0.7763772,-,12.80000019,78
30:05.7,-,152,6,160,-,-,-,-,3,-,-,-,-,-,-,-,-,-,-,-,-,-,-,-,-,-,-,-,-,-,-,-,-,-,-,-,-,-,37.28227152,4.70588255,0,26,-,21.56862831,819,-,-,4588.99403,-,-,-,9,13.92362285,0,8.78451538,11.38343048,13.80000019,0,24.81501389,-,-,152,48,-,-,1.9181217,5.41842318,-0.7763772,-,12.80000019,78
30:06.7,-,152,6,160,-,-,-,-,3,-,-,-,-,-,-,-,-,-,-,-,-,-,-,-,-,-,-,-,-,-,-,-,-,-,-,-,-,-,37.28227152,4.70588255,0,26,-,21.56862831,819,-,-,4652.810635,-,-,-,9,13.92362285,0,8.78451538,11.38343048,13.80000019,0,24.81501389,-,-,152,48,-,-,1.9181217,5.41842318,-0.7763772,-,12.80000019,78
30:07.7,-,152,6,160,-,-,-,-,3,-,-,-,-,-,-,-,-,-,-,-,-,-,-,-,-,-,-,-,-,-,-,-,-,-,-,-,-,-,37.28227152,4.70588255,0,26,-,21.56862831,819,-,-,4652.810635,-,-,-,9,13.92362285,0,8.78451538,11.38343048,13.80000019,0,24.81501389,-,-,152,48,-,-,1.9181217,5.41842318,-0.7763772,-,12.80000019,78
30:08.7,-,152,6,160,-,-,-,-,3,-,-,-,-,-,-,-,-,-,-,-,-,-,-,-,-,-,-,-,-,-,-,-,-,-,-,-,-,-,37.28227152,4.70588255,0,26,-,21.56862831,819,-,-,4652.810635,-,-,-,9,13.92362285,0,8.78451538,11.38343048,13.80000019,0,24.81501389,-,-,152,48,-,-,1.9181217,5.41842318,-0.7763772,-,12.80000019,78
30:09.7,-,152,6,160,-,-,-,-,3,-,-,-,-,-,-,-,-,-,-,-,-,-,-,-,-,-,-,-,-,-,-,-,-,-,-,-,-,-,37.28227152,4.70588255,0,26,-,21.56862831,819,-,-,4652.810635,-,-,-,9,13.92362285,0,8.78451538,11.38343048,13.80000019,0,24.81501389,-,-,152,48,-,-,1.9181217,5.41842318,-0.7763772,-,12.80000019,78
30:10.7,-,152,6,160,-,-,-,-,3,-,-,-,-,-,-,-,-,-,-,-,-,-,-,-,-,-,-,-,-,-,-,-,-,-,-,-,-,-,37.28227152,4.70588255,0,26,-,21.56862831,819,-,-,4652.810635,-,-,-,9,13.92362285,0,8.78451538,11.38343048,13.80000019,0,24.81501389,-,-,152,48,-,-,1.9181217,5.41842318,-0.7763772,-,12.80000019,78
30:11.7,-,152,6,160,-,-,-,-,3,-,-,-,-,-,-,-,-,-,-,-,-,-,-,-,-,-,-,-,-,-,-,-,-,-,-,-,-,-,37.28227152,4.70588255,0,26,-,21.56862831,819,-,-,4652.810635,-,-,-,9,13.92362285,0,8.78451538,11.38343048,13.80000019,0,24.81501389,-,-,152,48,-,-,1.9181217,5.41842318,-0.7763772,-,12.80000019,78
30:12.7,-,152,6,160,-,-,-,-,3,-,-,-,-,-,-,-,-,-,-,-,-,-,-,-,-,-,-,-,-,-,-,-,-,-,-,-,-,-,37.28227152,4.70588255,0,26,-,21.56862831,819,-,-,4652.810635,-,-,-,9,13.92362285,0,8.78451538,11.38343048,13.80000019,0,24.81501389,-,-,152,48,-,-,1.9181217,5.41842318,-0.7763772,-,12.80000019,78
30:13.7,-,152,6,160,-,-,-,-,3,-,-,-,-,-,-,-,-,-,-,-,-,-,-,-,-,-,-,-,-,-,-,-,-,-,-,-,-,-,37.28227152,4.70588255,0,26,-,21.56862831,819,-,-,4652.810635,-,-,-,9,13.92362285,0,8.78451538,11.38343048,13.80000019,0,24.81501389,-,-,152,48,-,-,1.9181217,5.41842318,-0.7763772,-,12.80000019,78
30:14.7,-,152,6,160,-,-,-,-,3,-,-,-,-,-,-,-,-,-,-,-,-,-,-,-,-,-,-,-,-,-,-,-,-,-,-,-,-,-,37.28227152,4.70588255,0,26,-,21.56862831,820,-,-,4652.810635,-,-,-,9,13.92362285,0,8.78377342,11.38439178,14.15999985,0,24.81291962,-,-,152,48,-,-,1.90981817,5.3949666,-0.7763772,-,12.80000019,78
30:15.7,-,152,6,160,-,-,-,-,3,-,-,-,-,-,-,-,-,-,-,-,-,-,-,-,-,-,-,-,-,-,-,-,-,-,-,-,-,-,37.28227152,4.70588255,0,26,-,21.1764698,820,-,-,4652.810635,-,-,-,9,13.92362285,0,8.78377342,11.38439178,14.15999985,0,24.81291962,-,-,152,48,-,-,1.90981817,5.3949666,-0.7763772,-,12.80000019,78
30:16.7,-,152,6,160,-,-,-,-,3,-,-,-,-,-,-,-,-,-,-,-,-,-,-,-,-,-,-,-,-,-,-,-,-,-,-,-,-,-,37.28227152,4.70588255,0,26,-,21.1764698,820,-,-,4652.810635,-,-,-,9,13.92362285,0,8.78377342,11.38439178,14.15999985,0,24.81291962,-,-,152,48,-,-,1.90981817,5.3949666,-0.7763772,-,12.69999981,78
